epoch,lr-AdamW,step,train/accidental,train/downbeat,train/duration,train/grace,train/hand,train/keysignature,train/offset,train/pad,train/pitch,train/staccato,train/stem,train/total,train/trill,train/velocity,train/voice,val/accidental,val/downbeat,val/duration,val/grace,val/hand,val/keysignature,val/offset,val/pad,val/pitch,val/staccato,val/stem,val/total,val/trill,val/velocity,val/voice
,2.9999999999999997e-05,9,,,,,,,,,,,,,,,,,,,,,,,,,,,,,,
0,,9,0.6176863312721252,0.1274169683456421,0.9140941500663757,0.01665513589978218,0.5680882334709167,0.050826724618673325,1.2242588996887207,0.10343155264854431,3.1413071155548096,0.14772289991378784,0.5399825572967529,4.768678188323975,0.011486240662634373,2.104079484939575,0.8603495359420776,,,,,,,,,,,,,,,
,5.9999999999999995e-05,19,,,,,,,,,,,,,,,,,,,,,,,,,,,,,,
0,,19,0.6184918284416199,0.11733284592628479,0.8754380345344543,0.043800272047519684,0.5238314270973206,0.020328925922513008,1.0504119396209717,0.10344646126031876,2.962233781814575,0.22592997550964355,0.5392844676971436,4.496138572692871,0.018934503197669983,2.112725019454956,0.6781373620033264,,,,,,,,,,,,,,,
,8.999999999999999e-05,29,,,,,,,,,,,,,,,,,,,,,,,,,,,,,,
0,,29,0.7275640964508057,0.13733415305614471,1.085628867149353,0.028056789189577103,0.6229610443115234,0.050157930701971054,1.6793941259384155,0.11142521351575851,3.740734577178955,0.17576345801353455,0.6364261507987976,5.693411350250244,0.02109565958380699,2.1033828258514404,0.9779258966445923,,,,,,,,,,,,,,,
,0.00011999999999999999,39,,,,,,,,,,,,,,,,,,,,,,,,,,,,,,
0,,39,0.5986210703849792,0.08892662078142166,0.7737483382225037,0.01489514485001564,0.429548442363739,0.015053225681185722,0.8508569002151489,0.07167232036590576,2.6879217624664307,0.13721135258674622,0.4939008057117462,4.004098415374756,0.007031515706330538,2.1003782749176025,0.6952730417251587,,,,,,,,,,,,,,,
,0.00015,49,,,,,,,,,,,,,,,,,,,,,,,,,,,,,,
0,,49,0.7335834503173828,0.11753549426794052,0.9765822887420654,0.007115011569112539,0.5800416469573975,0.04215870052576065,1.2766350507736206,0.1004372388124466,3.7868242263793945,0.23290441930294037,0.534176766872406,5.4818854331970215,0.004527774639427662,2.1450469493865967,0.8306047916412354,,,,,,,,,,,,,,,
0,,51,,,,,,,,,,,,,,,,0.21325956284999847,0.03309952840209007,0.31010398268699646,0.013097207061946392,0.07184366881847382,0.0019510238198563457,0.18641382455825806,0.02732103317975998,0.2457774579524994,0.08509853482246399,0.19209955632686615,0.6735526919364929,0.006366807967424393,2.076476573944092,0.17121611535549164
,0.00017999999999999998,59,,,,,,,,,,,,,,,,,,,,,,,,,,,,,,
1,,59,0.5673866271972656,0.10435806959867477,0.665319561958313,0.017362497746944427,0.4167119264602661,0.021750982850790024,0.9207729697227478,0.11050813645124435,2.5762529373168945,0.13754265010356903,0.4598224461078644,3.8679256439208984,0.006424092222005129,2.090153932571411,0.5816763043403625,,,,,,,,,,,,,,,
,0.00020999999999999998,69,,,,,,,,,,,,,,,,,,,,,,,,,,,,,,
1,,69,0.7063716053962708,0.13295836746692657,0.8465219140052795,0.006191609427332878,0.5816863775253296,0.042026083916425705,1.1680208444595337,0.08897214382886887,3.7398250102996826,0.17266832292079926,0.5240781307220459,5.337739944458008,0.00796969048678875,2.1202147006988525,0.817666232585907,,,,,,,,,,,,,,,
,0.00023999999999999998,79,,,,,,,,,,,,,,,,,,,,,,,,,,,,,,
1,,79,0.6989299058914185,0.12771423161029816,0.9775199890136719,0.023132795467972755,0.5924929976463318,0.04115553945302963,1.3585323095321655,0.09732789546251297,3.673161029815674,0.1779465526342392,0.5651518106460571,5.402411937713623,0.0035607421305030584,2.108304977416992,0.8778875470161438,,,,,,,,,,,,,,,
,0.00027,89,,,,,,,,,,,,,,,,,,,,,,,,,,,,,,
1,,89,0.6052529215812683,0.11466184258460999,0.8230794668197632,0.02981969527900219,0.4795428514480591,0.03817367926239967,0.929578423500061,0.05758381634950638,2.6698596477508545,0.19094601273536682,0.47355949878692627,4.048849105834961,0.005262956488877535,2.146202802658081,0.6539565920829773,,,,,,,,,,,,,,,
,0.0003,99,,,,,,,,,,,,,,,,,,,,,,,,,,,,,,
1,,99,0.5522392988204956,0.11082006245851517,0.9037654399871826,0.028067799285054207,0.47083038091659546,0.03848779574036598,0.9603471159934998,0.08042855560779572,2.745743989944458,0.12989367544651031,0.5131385922431946,4.179722785949707,0.012436926364898682,2.064573287963867,0.7410600781440735,,,,,,,,,,,,,,,
1,,103,,,,,,,,,,,,,,,,0.2142530083656311,0.041902121156454086,0.3276943564414978,0.01088945847004652,0.08772770315408707,0.0028131790459156036,0.17686399817466736,0.026276910677552223,0.3369947373867035,0.09956909716129303,0.24518363177776337,0.7894367575645447,0.007512925658375025,2.092388868331909,0.1801346242427826
,0.0002997713370859942,109,,,,,,,,,,,,,,,,,,,,,,,,,,,,,,
2,,109,0.6702961921691895,0.10887834429740906,0.9040740132331848,0.0370805598795414,0.49720439314842224,0.021718312054872513,0.9913455843925476,0.0941672995686531,2.815575361251831,0.13854816555976868,0.5068439841270447,4.340147495269775,0.005233727395534515,2.1152985095977783,0.7767380475997925,,,,,,,,,,,,,,,
,0.00029898179238521916,119,,,,,,,,,,,,,,,,,,,,,,,,,,,,,,
2,,119,0.6050174832344055,0.06645676493644714,0.7501481175422668,0.011600022204220295,0.42359256744384766,0.02408699132502079,0.8968421816825867,0.08509740233421326,2.6195504665374756,0.1559031754732132,0.42164909839630127,3.902174472808838,0.008351975120604038,2.1153550148010254,0.5785704255104065,,,,,,,,,,,,,,,
,0.0002976315138580393,129,,,,,,,,,,,,,,,,,,,,,,,,,,,,,,
2,,129,0.626898467540741,0.09969991445541382,0.990816593170166,0.0345156267285347,0.6122034788131714,0.04595703259110451,1.2730207443237305,0.10708063840866089,3.5090115070343018,0.10494793206453323,0.5452686548233032,5.191966533660889,0.02101922035217285,2.1706466674804688,0.8356150388717651,,,,,,,,,,,,,,,
,0.00029572558364793775,139,,,,,,,,,,,,,,,,,,,,,,,,,,,,,,
2,,139,0.6445869207382202,0.08152201771736145,0.7138609290122986,0.03147727996110916,0.41906318068504333,0.04038098827004433,0.7750450372695923,0.09295804798603058,2.572519540786743,0.18987053632736206,0.47254112362861633,3.8941290378570557,0.010458841919898987,2.1225242614746094,0.5864948630332947,,,,,,,,,,,,,,,
,0.0002932711752458656,149,,,,,,,,,,,,,,,,,,,,,,,,,,,,,,
2,,149,0.7310429215431213,0.11405787616968155,0.8628249168395996,0.009990626946091652,0.5200676918029785,0.05560418590903282,1.1949337720870972,0.11651516705751419,3.5438249111175537,0.17441555857658386,0.527444064617157,5.161834239959717,0.009821595624089241,2.1196579933166504,0.7449559569358826,,,,,,,,,,,,,,,
2,,155,,,,,,,,,,,,,,,,0.27651557326316833,0.03494741767644882,0.332732617855072,0.010021105408668518,0.08946140855550766,0.004460199270397425,0.1917906403541565,0.024952571839094162,0.37390461564064026,0.08795648068189621,0.20183518528938293,0.8500807881355286,0.010441056452691555,2.0629560947418213,0.1753375381231308
,0.0002902775264908421,159,,,,,,,,,,,,,,,,,,,,,,,,,,,,,,
3,,159,0.6199528574943542,0.06939664483070374,0.6491979956626892,0.01463873777538538,0.38762712478637695,0.03935828059911728,0.7055074572563171,0.09194336086511612,2.456662893295288,0.1171809509396553,0.4469144940376282,3.6840782165527344,0.010531367734074593,2.0802934169769287,0.5929484367370605,,,,,,,,,,,,,,,
,0.0002867559048008145,169,,,,,,,,,,,,,,,,,,,,,,,,,,,,,,
3,,169,0.699038565158844,0.12032580375671387,0.9355567097663879,0.03502345830202103,0.5543968081474304,0.03602733835577965,1.1775041818618774,0.09577464312314987,3.553981065750122,0.19603054225444794,0.5281236171722412,5.230732440948486,0.01800338737666607,2.1187922954559326,0.8787155747413635,,,,,,,,,,,,,,,
,0.00028271956476464067,179,,,,,,,,,,,,,,,,,,,,,,,,,,,,,,
3,,179,0.6429934501647949,0.09373171627521515,0.8399985432624817,0.03441184386610985,0.4411430358886719,0.021654030308127403,0.8930596113204956,0.06813809275627136,2.5285961627960205,0.1343696415424347,0.502640962600708,3.938688039779663,0.008373380638659,2.092238426208496,0.7437264919281006,,,,,,,,,,,,,,,
,0.00027818369825481,189,,,,,,,,,,,,,,,,,,,,,,,,,,,,,,
3,,189,0.6362990140914917,0.1177845373749733,0.6880050897598267,0.018294865265488625,0.385456383228302,0.024527378380298615,0.8154064416885376,0.07890734821557999,2.54233980178833,0.17551104724407196,0.44891557097435,3.8124465942382812,0.003356928937137127,2.115974187850952,0.564311683177948,,,,,,,,,,,,,,,
,0.00027316537724866565,199,,,,,,,,,,,,,,,,,,,,,,,,,,,,,,
3,,199,0.7032709717750549,0.14864347875118256,0.9659170508384705,0.014119667932391167,0.5750136971473694,0.028161080554127693,1.221450686454773,0.08648223429918289,3.5232458114624023,0.1596492975950241,0.5499336123466492,5.177709102630615,0.021205386146903038,2.1013920307159424,0.78219074010849,,,,,,,,,,,,,,,
3,,207,,,,,,,,,,,,,,,,0.21766631305217743,0.03792724758386612,0.3212149739265442,0.011726010590791702,0.08884472399950027,0.0042167771607637405,0.14438287913799286,0.025889839977025986,0.30135658383369446,0.09452492743730545,0.20286986231803894,0.7335987687110901,0.009198522195219994,2.0802855491638184,0.16630414128303528
,0.00026768348957333625,209,,,,,,,,,,,,,,,,,,,,,,,,,,,,,,
4,,209,0.7583231925964355,0.09341143816709518,0.7916938662528992,0.010358610190451145,0.5528302192687988,0.04315260052680969,1.1485166549682617,0.09994880855083466,3.577457904815674,0.0852164477109909,0.5330013632774353,5.15263032913208,0.007071261759847403,2.1566596031188965,0.7915427088737488,,,,,,,,,,,,,,,
,0.0002617586678162199,219,,,,,,,,,,,,,,,,,,,,,,,,,,,,,,
4,,219,0.7149538993835449,0.14868256449699402,0.8226971626281738,0.03539961203932762,0.5351943373680115,0.042403459548950195,0.9909231662750244,0.13211795687675476,3.460122585296631,0.16923214495182037,0.5151740908622742,5.059802055358887,0.007380763068795204,2.1174962520599365,0.766236424446106,,,,,,,,,,,,,,,
,0.00025541321166858377,229,,,,,,,,,,,,,,,,,,,,,,,,,,,,,,
4,,229,0.6711323857307434,0.13190537691116333,0.9122748970985413,0.013954800553619862,0.5970136523246765,0.042145736515522,1.1492853164672852,0.07407429814338684,3.491827964782715,0.12971660494804382,0.5001513361930847,5.07320499420166,0.008038272149860859,2.105959892272949,0.8205455541610718,,,,,,,,,,,,,,,
,0.0002486710039945618,239,,,,,,,,,,,,,,,,,,,,,,,,,,,,,,
4,,239,0.5511720180511475,0.08305450528860092,0.5302330255508423,0.013478710316121578,0.35277244448661804,0.027767537161707878,0.6839160919189453,0.07241716980934143,2.330169916152954,0.1267109215259552,0.4082562029361725,3.4110159873962402,0.008126027882099152,2.0985379219055176,0.4841080605983734,,,,,,,,,,,,,,,
,0.0002415574209414464,249,,,,,,,,,,,,,,,,,,,,,,,,,,,,,,
4,,249,0.5809952616691589,0.12584112584590912,0.7692450284957886,0.013196785934269428,0.539108157157898,0.050874464213848114,1.0520933866500854,0.07538095116615295,3.463906764984131,0.23582696914672852,0.49075397849082947,4.9042205810546875,0.0021893098019063473,2.118119239807129,0.7372534275054932,,,,,,,,,,,,,,,
,0.0002340992364296004,259,,,,,,,,,,,,,,,,,,,,,,,,,,,,,,
4,,259,0.5855806469917297,0.08575800806283951,0.6695371866226196,0.028379637748003006,0.48398420214653015,0.051653191447257996,0.750144362449646,0.07451251149177551,2.591933488845825,0.19820170104503632,0.5233222246170044,3.921761989593506,0.00537992175668478,2.1408228874206543,0.7494940161705017,,,,,,,,,,,,,,,
4,,259,,,,,,,,,,,,,,,,0.22621114552021027,0.03943842276930809,0.31300702691078186,0.009780737571418285,0.09797350317239761,0.004299408756196499,0.17542719841003418,0.023771939799189568,0.3310745060443878,0.09602978825569153,0.2065737098455429,0.7723009586334229,0.006865495815873146,2.0688316822052,0.17268721759319305
,0.00022632452138146602,269,,,,,,,,,,,,,,,,,,,,,,,,,,,,,,
5,,269,0.5985689163208008,0.07251207530498505,0.6776849627494812,0.02110295183956623,0.3917836546897888,0.041349198669195175,0.7695010304450989,0.0806434229016304,2.4743094444274902,0.10658231377601624,0.44012242555618286,3.7158758640289307,0.005580797325819731,2.097956657409668,0.6254556775093079,,,,,,,,,,,,,,,
,0.00021826253806895156,279,,,,,,,,,,,,,,,,,,,,,,,,,,,,,,
5,,279,0.6229384541511536,0.0931553766131401,0.6285658478736877,0.023549074307084084,0.43036672472953796,0.017470233142375946,0.7352679371833801,0.0757913589477539,2.5469040870666504,0.13015443086624146,0.43568360805511475,3.7817323207855225,0.0033471945207566023,2.139094114303589,0.6267854571342468,,,,,,,,,,,,,,,
,0.000209943629976847,289,,,,,,,,,,,,,,,,,,,,,,,,,,,,,,
5,,289,0.6711035966873169,0.08003757894039154,0.5699259042739868,0.010569554753601551,0.34765180945396423,0.02497600018978119,0.6061495542526245,0.06791344285011292,2.314257860183716,0.10565130412578583,0.3897493779659271,3.4282219409942627,0.0021315410267561674,2.1005611419677734,0.5002312064170837,,,,,,,,,,,,,,,
,0.00020139910759679915,299,,,,,,,,,,,,,,,,,,,,,,,,,,,,,,
5,,299,0.7362109422683716,0.13899073004722595,0.796068012714386,0.012305243872106075,0.5185922384262085,0.03852907568216324,1.002386212348938,0.11385063081979752,3.429171562194824,0.20746931433677673,0.4879366159439087,4.967148303985596,0.005640347022563219,2.1132256984710693,0.7181377410888672,,,,,,,,,,,,,,,
,0.00019266113058169076,309,,,,,,,,,,,,,,,,,,,,,,,,,,,,,,
5,,309,0.7421392202377319,0.11869636923074722,0.8823922872543335,0.02239977940917015,0.5477937459945679,0.05507513880729675,1.1004889011383057,0.06804727762937546,3.4129509925842285,0.11592870950698853,0.5313114523887634,5.004795551300049,0.007654882501810789,2.1102068424224854,0.8240565657615662,,,,,,,,,,,,,,,
5,,311,,,,,,,,,,,,,,,,0.22543185949325562,0.033695172518491745,0.30034664273262024,0.009014175273478031,0.08401990681886673,0.005077919457107782,0.149919793009758,0.02477888949215412,0.3209517300128937,0.09816329181194305,0.21386246383190155,0.7437301278114319,0.00788691733032465,2.0623199939727783,0.15426529943943024
,0.00018376258670396888,319,,,,,,,,,,,,,,,,,,,,,,,,,,,,,,
6,,319,0.5829997658729553,0.06588190793991089,0.5297136902809143,0.03018559329211712,0.33719396591186523,0.04842722788453102,0.6195811629295349,0.06976450979709625,2.398383617401123,0.15005594491958618,0.3840450048446655,3.4903087615966797,0.0014247293584048748,2.123161792755127,0.5035286545753479,,,,,,,,,,,,,,,
,0.0001747369680734955,329,,,,,,,,,,,,,,,,,,,,,,,,,,,,,,
6,,329,0.7034426927566528,0.11379020661115646,0.8863710761070251,0.02872217446565628,0.5181506872177124,0.04842814803123474,1.0415654182434082,0.08090788125991821,3.317991256713867,0.10597628355026245,0.533281147480011,4.868866443634033,0.015891842544078827,2.093705654144287,0.7516963481903076,,,,,,,,,,,,,,,
,0.00016561824508080819,339,,,,,,,,,,,,,,,,,,,,,,,,,,,,,,
6,,339,0.5860968232154846,0.08371799439191818,0.6764104962348938,0.019935131072998047,0.38468149304389954,0.017725903540849686,0.6817955374717712,0.08672866225242615,2.411905288696289,0.0889398381114006,0.4509626030921936,3.617802619934082,0.01217917911708355,2.1194427013397217,0.5952660441398621,,,,,,,,,,,,,,,
,0.00015644073854024113,349,,,,,,,,,,,,,,,,,,,,,,,,,,,,,,
6,,349,0.7411847710609436,0.10385481268167496,0.8955750465393066,0.025325527414679527,0.5342463850975037,0.03900732100009918,1.041878342628479,0.10617688298225403,3.4269704818725586,0.16233614087104797,0.511079728603363,5.022378444671631,0.010473381727933884,2.109105348587036,0.7750810384750366,,,,,,,,,,,,,,,
,0.00014723899051412927,359,,,,,,,,,,,,,,,,,,,,,,,,,,,,,,
6,,359,0.6020825505256653,0.07217756658792496,0.6533315777778625,0.024943562224507332,0.3635825216770172,0.012246518395841122,0.6950886845588684,0.0941980630159378,2.3972318172454834,0.09716147184371948,0.4437582492828369,3.600078582763672,0.012743261642754078,2.1327953338623047,0.5697766542434692,,,,,,,,,,,,,,,
6,,363,,,,,,,,,,,,,,,,0.20826812088489532,0.04269484058022499,0.30042681097984314,0.009478697553277016,0.09041331708431244,0.004178668837994337,0.1729891300201416,0.023927047848701477,0.29621660709381104,0.09355828911066055,0.22396601736545563,0.7253355979919434,0.008681458421051502,2.0810885429382324,0.1630827784538269
,0.00013804763430428548,369,,,,,,,,,,,,,,,,,,,,,,,,,,,,,,
7,,369,0.5641565322875977,0.061048127710819244,0.569675862789154,0.005765495356172323,0.31284570693969727,0.02121061459183693,0.6408594250679016,0.08583956956863403,2.32238507270813,0.11923729628324509,0.37429627776145935,3.365605354309082,0.002808891236782074,2.1400794982910156,0.4320986270904541,,,,,,,,,,,,,,,
,0.00012890126410007263,379,,,,,,,,,,,,,,,,,,,,,,,,,,,,,,
7,,379,0.7356377840042114,0.11077522486448288,0.8442169427871704,0.010914742015302181,0.5081769824028015,0.037531983107328415,0.9885509014129639,0.11186935007572174,3.2640771865844727,0.10331006348133087,0.46954861283302307,4.791808605194092,0.011403929442167282,2.1007282733917236,0.7526485919952393,,,,,,,,,,,,,,,
,0.00011983430477368622,389,,,,,,,,,,,,,,,,,,,,,,,,,,,,,,
7,,389,0.5299830436706543,0.07370215654373169,0.6545369029045105,0.018231967464089394,0.36318594217300415,0.02505975402891636,0.6845241189002991,0.07580642402172089,2.285745859146118,0.15692748129367828,0.4328007102012634,3.42832088470459,0.006412796676158905,2.1094837188720703,0.5557787418365479,,,,,,,,,,,,,,,
,0.00011088088231270866,399,,,,,,,,,,,,,,,,,,,,,,,,,,,,,,
7,,399,0.6137638092041016,0.0859050303697586,0.5920276641845703,0.02715913951396942,0.39147403836250305,0.01706269197165966,0.6669783592224121,0.07249130308628082,2.3025951385498047,0.12395405769348145,0.4222922623157501,3.4857337474823,0.010381258092820644,2.140702724456787,0.593529462814331,,,,,,,,,,,,,,,
,0.00010207469537759764,409,,,,,,,,,,,,,,,,,,,,,,,,,,,,,,
7,,409,0.7074919939041138,0.09950853884220123,0.756759762763977,0.017447704449295998,0.539658784866333,0.03734928369522095,0.9364408850669861,0.10005444288253784,3.3658621311187744,0.1065945103764534,0.5332293510437012,4.857852458953857,0.006078672595322132,2.156322956085205,0.7916557788848877,,,,,,,,,,,,,,,
7,,415,,,,,,,,,,,,,,,,0.21351474523544312,0.050069887191057205,0.298294335603714,0.011024631559848785,0.08056571334600449,0.004951586481183767,0.18863873183727264,0.02233407273888588,0.2923809885978699,0.09178408235311508,0.20202356576919556,0.7216741442680359,0.008504856377840042,2.0722415447235107,0.1573556363582611
,9.344888846753726e-05,419,,,,,,,,,,,,,,,,,,,,,,,,,,,,,,
8,,419,0.5755597352981567,0.05503943935036659,0.5773143768310547,0.010235841386020184,0.3545372486114502,0.02681906707584858,0.6711282134056091,0.06561728566884995,2.2175207138061523,0.10977653414011002,0.3873749077320099,3.292417526245117,0.0031336317770183086,2.11826753616333,0.4971766173839569,,,,,,,,,,,,,,,
,8.503592717202721e-05,429,,,,,,,,,,,,,,,,,,,,,,,,,,,,,,
8,,429,0.5811806321144104,0.10509622097015381,0.7413792014122009,0.009107783436775208,0.38116782903671265,0.052714668214321136,0.7683682441711426,0.0641566663980484,2.2802348136901855,0.0820913314819336,0.4539845883846283,3.5325927734375,0.013852822594344616,2.132122278213501,0.644487202167511,,,,,,,,,,,,,,,
,7.686747597773462e-05,439,,,,,,,,,,,,,,,,,,,,,,,,,,,,,,
8,,439,0.5023093819618225,0.0738963857293129,0.4976341128349304,0.023410707712173462,0.30289843678474426,0.019356094300746918,0.6103994250297546,0.05294983088970184,2.104485511779785,0.18664763867855072,0.35581907629966736,3.088345766067505,0.011843600310385227,2.1145381927490234,0.4282955229282379,,,,,,,,,,,,,,,
,6.897427909051607e-05,449,,,,,,,,,,,,,,,,,,,,,,,,,,,,,,
8,,449,0.669042706489563,0.11115317046642303,0.6906123757362366,0.008637717925012112,0.4837486147880554,0.043547749519348145,0.8920674324035645,0.06609797477722168,3.168072462081909,0.15214227139949799,0.501643180847168,4.543181419372559,0.012487492524087429,2.099668025970459,0.7094712853431702,,,,,,,,,,,,,,,
,6.138604472116889e-05,459,,,,,,,,,,,,,,,,,,,,,,,,,,,,,,
8,,459,0.8037394285202026,0.08772072941064835,0.8730041980743408,0.017783598974347115,0.5091539025306702,0.04224221780896187,0.9776240587234497,0.1095905527472496,3.3242266178131104,0.14126551151275635,0.497554749250412,4.882648468017578,0.009001586586236954,2.1124556064605713,0.6989025473594666,,,,,,,,,,,,,,,
8,,467,,,,,,,,,,,,,,,,0.2066902071237564,0.050523459911346436,0.29469403624534607,0.009369146078824997,0.07816098630428314,0.0031277702655643225,0.20380693674087524,0.021712511777877808,0.2785331904888153,0.09232476353645325,0.20249511301517487,0.700951099395752,0.008692807517945766,2.069915533065796,0.14759057760238647
,5.413133327043364e-05,469,,,,,,,,,,,,,,,,,,,,,,,,,,,,,,
9,,469,0.47755134105682373,0.06350148469209671,0.4878196120262146,0.019019944593310356,0.3334338366985321,0.015507541596889496,0.6136379241943359,0.07930329442024231,2.3115389347076416,0.11988372355699539,0.36224666237831116,3.289799690246582,0.0026334156282246113,2.1171257495880127,0.4394278824329376,,,,,,,,,,,,,,,
,4.7237449834094956e-05,479,,,,,,,,,,,,,,,,,,,,,,,,,,,,,,
9,,479,0.5201137661933899,0.06709466874599457,0.5513442158699036,0.010444523766636848,0.36083969473838806,0.03000895120203495,0.6205688714981079,0.05305488407611847,2.260335922241211,0.08620665222406387,0.4215202033519745,3.3141582012176514,0.011751305311918259,2.1001548767089844,0.5622715353965759,,,,,,,,,,,,,,,
,4.073034143276622e-05,489,,,,,,,,,,,,,,,,,,,,,,,,,,,,,,
9,,489,0.5893715620040894,0.07148948311805725,0.5320976376533508,0.014507239684462547,0.3022450804710388,0.059226687997579575,0.6236526966094971,0.07667997479438782,2.231544017791748,0.10975540429353714,0.39708468317985535,3.296264886856079,0.0009556920267641544,2.121885061264038,0.4423298239707947,,,,,,,,,,,,,,,
,3.4634499353163075e-05,499,,,,,,,,,,,,,,,,,,,,,,,,,,,,,,
9,,499,0.692112386226654,0.1118202656507492,0.7832176685333252,0.016377383843064308,0.49472203850746155,0.05569969862699509,0.9116055965423584,0.09321127831935883,3.2400882244110107,0.21030950546264648,0.510586678981781,4.727172374725342,0.019429629668593407,2.1029305458068848,0.730734646320343,,,,,,,,,,,,,,,
,2.8972866968430098e-05,509,,,,,,,,,,,,,,,,,,,,,,,,,,,,,,
9,,509,0.5485082864761353,0.08376792073249817,0.6410878896713257,0.027566593140363693,0.33866533637046814,0.02152070961892605,0.662234365940094,0.07532332837581635,2.2089476585388184,0.1324913054704666,0.40650132298469543,3.3202810287475586,0.009029315784573555,2.1555111408233643,0.4572250247001648,,,,,,,,,,,,,,,
,2.376675338446525e-05,519,,,,,,,,,,,,,,,,,,,,,,,,,,,,,,
9,,519,0.716846227645874,0.1744677871465683,1.156182885169983,0.08657529205083847,0.5846021771430969,0.044597428292036057,1.0703049898147583,0.1107097864151001,3.378199815750122,0.15803422033786774,0.5812279582023621,5.219446659088135,0.006539542227983475,2.1572229862213135,0.9546025395393372,,,,,,,,,,,,,,,
9,,519,,,,,,,,,,,,,,,,0.20741017162799835,0.050138894468545914,0.296085923910141,0.00943749863654375,0.08122864365577698,0.00347532844170928,0.17853640019893646,0.02128921076655388,0.27951374650001526,0.0917290523648262,0.21021705865859985,0.7002182602882385,0.00952233374118805,2.0790305137634277,0.1512911170721054
,1.9035753237256486e-05,529,,,,,,,,,,,,,,,,,,,,,,,,,,,,,,
10,,529,0.5544830560684204,0.08767807483673096,0.646126925945282,0.017245693132281303,0.34434714913368225,0.02987643890082836,0.7239782810211182,0.07973744720220566,2.3220791816711426,0.1991603672504425,0.39168915152549744,3.464223861694336,0.006545121315866709,2.1421916484832764,0.4741133749485016,,,,,,,,,,,,,,,
,1.4797672943096711e-05,539,,,,,,,,,,,,,,,,,,,,,,,,,,,,,,
10,,539,0.5505968928337097,0.060932207852602005,0.6046037673950195,0.0015976978465914726,0.31156712770462036,0.025334900245070457,0.5814266800880432,0.050063446164131165,2.194598913192749,0.11412519216537476,0.4030377268791199,3.2354464530944824,0.004281164612621069,2.1086502075195312,0.5673689246177673,,,,,,,,,,,,,,,
,1.1068463679253293e-05,549,,,,,,,,,,,,,,,,,,,,,,,,,,,,,,
10,,549,0.5159268379211426,0.08574763685464859,0.6246604323387146,0.009152313694357872,0.3431260585784912,0.04138395935297012,0.6189411878585815,0.0813804417848587,2.243302822113037,0.10953401029109955,0.3907507061958313,3.3292152881622314,0.004074463155120611,2.1289265155792236,0.5195177793502808,,,,,,,,,,,,,,,
,7.862161347338836e-06,559,,,,,,,,,,,,,,,,,,,,,,,,,,,,,,
10,,559,0.5779775381088257,0.07374028116464615,0.6054230332374573,0.009673407301306725,0.3499475419521332,0.030341312289237976,0.6594974994659424,0.06594950705766678,2.190430164337158,0.10744700580835342,0.41009238362312317,3.2874999046325684,0.0027460306882858276,2.135979175567627,0.5097384452819824,,,,,,,,,,,,,,,
,5.190833745346606e-06,569,,,,,,,,,,,,,,,,,,,,,,,,,,,,,,
10,,569,0.6891933083534241,0.11020626127719879,0.8030845522880554,0.017454657703638077,0.5077740550041199,0.038901083171367645,0.9368619918823242,0.08312319964170456,3.2258167266845703,0.22547699511051178,0.5149078369140625,4.69582986831665,0.006467427127063274,2.1430306434631348,0.7198346853256226,,,,,,,,,,,,,,,
10,,571,,,,,,,,,,,,,,,,0.20458140969276428,0.049565743654966354,0.2935699224472046,0.009385081939399242,0.08063971996307373,0.0026950694154947996,0.18424777686595917,0.021188538521528244,0.2692374885082245,0.0928478017449379,0.20848383009433746,0.6872424483299255,0.009035442024469376,2.0764822959899902,0.15004850924015045
,3.064535147183922e-06,579,,,,,,,,,,,,,,,,,,,,,,,,,,,,,,
11,,579,0.7034144401550293,0.15076781809329987,0.7469274997711182,0.013560148887336254,0.47892558574676514,0.036177702248096466,0.8948922753334045,0.0902627557516098,3.2744030952453613,0.13874265551567078,0.43147414922714233,4.679901599884033,0.0036561477463692427,2.1645243167877197,0.6442585587501526,,,,,,,,,,,,,,,
,1.4912684606554482e-06,589,,,,,,,,,,,,,,,,,,,,,,,,,,,,,,
11,,589,0.668701171875,0.09441312402486801,0.7252996563911438,0.01515322457998991,0.4185835123062134,0.025865307077765465,0.8652483820915222,0.09239240735769272,3.1460506916046143,0.18522584438323975,0.43583834171295166,4.4834675788879395,0.01197308860719204,2.111480474472046,0.5978327989578247,,,,,,,,,,,,,,,
,4.769551063251497e-07,599,,,,,,,,,,,,,,,,,,,,,,,,,,,,,,
11,,599,0.594382643699646,0.06864982843399048,0.6241207122802734,0.02589438110589981,0.29971611499786377,0.024340081959962845,0.7207991480827332,0.06439338624477386,2.293884754180908,0.08777710050344467,0.3790615499019623,3.3996689319610596,0.010243386961519718,2.1429591178894043,0.45695826411247253,,,,,,,,,,,,,,,
,2.541273062648952e-08,609,,,,,,,,,,,,,,,,,,,,,,,,,,,,,,
11,,609,0.634652316570282,0.05352430045604706,0.5885676145553589,0.010657058097422123,0.35663607716560364,0.03965100273489952,0.6256875395774841,0.041910991072654724,2.283306121826172,0.06753004342317581,0.37028637528419495,3.357672929763794,0.008890223689377308,2.1420183181762695,0.49336424469947815,,,,,,,,,,,,,,,
,0.0,619,,,,,,,,,,,,,,,,,,,,,,,,,,,,,,
11,,619,0.6743504405021667,0.1453714668750763,0.8922754526138306,0.016977272927761078,0.48295924067497253,0.06949339061975479,0.9989407062530518,0.09231745451688766,3.3095638751983643,0.12196116894483566,0.5054247975349426,4.839451789855957,0.010557333938777447,2.146681308746338,0.7414275407791138,,,,,,,,,,,,,,,
11,,623,,,,,,,,,,,,,,,,0.20427899062633514,0.04973503574728966,0.2937361001968384,0.009333113208413124,0.08087841421365738,0.0027069065254181623,0.18500691652297974,0.021194299682974815,0.2697284519672394,0.09266361594200134,0.20810934901237488,0.6878082156181335,0.009058727882802486,2.075930118560791,0.14997684955596924
