epoch,lr-AdamW,step,train/accidental,train/distill,train/downbeat,train/duration,train/grace,train/hand,train/keysignature,train/offset,train/pad,train/pitch,train/staccato,train/stem,train/total,train/trill,train/velocity,train/voice,val/accidental,val/downbeat,val/duration,val/grace,val/hand,val/keysignature,val/offset,val/pad,val/pitch,val/staccato,val/stem,val/total,val/trill,val/velocity,val/voice
,1e-05,9,,,,,,,,,,,,,,,,,,,,,,,,,,,,,,,
0,,9,0.6892088651657104,0.796883761882782,0.31527525186538696,1.0960859060287476,0.0384504608809948,0.5678040385246277,0.060003213584423065,1.4438908100128174,0.09736935049295425,3.1457934379577637,0.14546819031238556,0.5830731987953186,4.985935688018799,0.005140451714396477,2.120577812194824,0.7609376907348633,,,,,,,,,,,,,,,
,2e-05,19,,,,,,,,,,,,,,,,,,,,,,,,,,,,,,,
0,,19,0.6522918939590454,0.9475307464599609,0.28204625844955444,1.1975911855697632,0.012736675329506397,0.5999408960342407,0.09255951642990112,1.5389991998672485,0.04991992563009262,3.082155227661133,0.07485806941986084,0.5306674242019653,4.89020299911499,0.005181398708373308,2.122811794281006,0.8119701147079468,,,,,,,,,,,,,,,
,3e-05,29,,,,,,,,,,,,,,,,,,,,,,,,,,,,,,,
0,,29,0.6287652254104614,0.9394627809524536,0.25124600529670715,1.0743714570999146,0.0360180102288723,0.5469200015068054,0.05151316523551941,1.2507319450378418,0.0379299558699131,2.910703420639038,0.07476889342069626,0.5098515152931213,4.531944751739502,0.007984702475368977,2.130692481994629,0.7125369310379028,,,,,,,,,,,,,,,
,4e-05,39,,,,,,,,,,,,,,,,,,,,,,,,,,,,,,,
0,,39,0.8349208831787109,1.3542258739471436,0.4485267996788025,1.3084962368011475,0.11024051159620285,0.5566565990447998,0.06337761878967285,1.6087210178375244,0.09136304259300232,2.928635835647583,0.03517135977745056,0.5598962903022766,5.013907432556152,0.001029403880238533,2.0978500843048096,0.6764340996742249,,,,,,,,,,,,,,,
,5e-05,49,,,,,,,,,,,,,,,,,,,,,,,,,,,,,,,
0,,49,0.6786726117134094,1.1075711250305176,0.11927879601716995,0.9460665583610535,0.013836667872965336,0.46399253606796265,0.09349453449249268,1.030773401260376,0.04964395612478256,2.72517466545105,0.07305063307285309,0.4953423738479614,4.225675582885742,0.014924272894859314,2.085110902786255,0.7358771562576294,,,,,,,,,,,,,,,
,6e-05,59,,,,,,,,,,,,,,,,,,,,,,,,,,,,,,,
0,,59,0.6449286341667175,1.2869267463684082,0.24582412838935852,1.0097452402114868,0.05728549510240555,0.4647336006164551,0.0631292387843132,1.1287002563476562,0.06860978901386261,2.7777819633483887,0.09410761296749115,0.5088542699813843,4.366698741912842,0.0031180984806269407,2.124901533126831,0.6345863938331604,,,,,,,,,,,,,,,
,7e-05,69,,,,,,,,,,,,,,,,,,,,,,,,,,,,,,,
0,,69,0.8399364948272705,0.7912731170654297,0.17921844124794006,1.1637895107269287,0.018568145111203194,0.6545257568359375,0.06245573237538338,1.5310144424438477,0.054735664278268814,3.7877135276794434,0.10176115483045578,0.5814886093139648,5.627231121063232,0.004625178873538971,2.1267545223236084,0.7054040431976318,,,,,,,,,,,,,,,
,8e-05,79,,,,,,,,,,,,,,,,,,,,,,,,,,,,,,,
0,,79,0.6092531681060791,1.458453893661499,0.3541308045387268,1.054836392402649,0.02098946087062359,0.5068883895874023,0.021296078339219093,1.3117355108261108,0.046785272657871246,2.7024927139282227,0.0920184850692749,0.4353783130645752,4.26793098449707,0.0035471704322844744,2.09824538230896,0.5506814122200012,,,,,,,,,,,,,,,
,9e-05,89,,,,,,,,,,,,,,,,,,,,,,,,,,,,,,,
0,,89,0.8301445245742798,0.8227244019508362,0.2850905954837799,1.4463870525360107,0.05509500205516815,0.6240803003311157,0.04774123802781105,1.5083067417144775,0.06215432286262512,3.844015598297119,0.07800624519586563,0.606024444103241,5.876696586608887,0.01772194728255272,2.1210930347442627,0.8160387277603149,,,,,,,,,,,,,,,
,0.0001,99,,,,,,,,,,,,,,,,,,,,,,,,,,,,,,,
0,,99,0.8305367231369019,0.8024835586547852,0.2482544183731079,1.0186671018600464,0.02841520495712757,0.6644934415817261,0.07665280997753143,1.387762427330017,0.052915558218955994,3.7140376567840576,0.07331857085227966,0.5423904657363892,5.503749847412109,0.005158774089068174,2.130885601043701,0.7072868943214417,,,,,,,,,,,,,,,
0,,102,,,,,,,,,,,,,,,,,0.19556675851345062,0.033005934208631516,0.32314735651016235,0.012712265364825726,0.0717666745185852,0.002577309962362051,0.15646690130233765,0.025898989289999008,0.22406919300556183,0.08420772105455399,0.18778382241725922,0.6382879018783569,0.006779815070331097,2.0885956287384033,0.17454244196414948
,9.988230449258409e-05,109,,,,,,,,,,,,,,,,,,,,,,,,,,,,,,,
1,,109,0.8879187107086182,0.8797290325164795,0.23659445345401764,1.3494497537612915,0.03512432798743248,0.6153174638748169,0.03913310915231705,1.613646388053894,0.056803278625011444,3.7907209396362305,0.09400791674852371,0.4855273365974426,5.72152042388916,0.0064078220166265965,2.1111526489257812,0.6700596809387207,,,,,,,,,,,,,,,
,9.947616714095689e-05,119,,,,,,,,,,,,,,,,,,,,,,,,,,,,,,,
1,,119,0.5969807505607605,1.5965741872787476,0.1850409060716629,0.8345191478729248,0.018437614664435387,0.4605817198753357,0.03334559127688408,1.1018189191818237,0.041040487587451935,2.6244869232177734,0.08495622873306274,0.45791155099868774,4.0058770179748535,0.006448762957006693,2.105201005935669,0.6033409833908081,,,,,,,,,,,,,,,
,9.878249465405191e-05,129,,,,,,,,,,,,,,,,,,,,,,,,,,,,,,,
1,,129,0.5776998400688171,1.3082870244979858,0.3024708032608032,0.8408335447311401,0.013193040154874325,0.4941406548023224,0.05838518217206001,1.1076887845993042,0.036985352635383606,2.623619318008423,0.1221388652920723,0.45369699597358704,4.071817398071289,0.007208242546766996,2.098116397857666,0.6333749890327454,,,,,,,,,,,,,,,
,9.780531837107518e-05,139,,,,,,,,,,,,,,,,,,,,,,,,,,,,,,,
1,,139,0.5784686803817749,1.350961685180664,0.11677949130535126,0.8792608976364136,0.04338594898581505,0.452472448348999,0.043144676834344864,0.8441327214241028,0.06993521004915237,2.6545119285583496,0.07974208146333694,0.49566134810447693,4.029834270477295,0.012383260764181614,2.1197381019592285,0.6435880661010742,,,,,,,,,,,,,,,
,9.655031723869849e-05,149,,,,,,,,,,,,,,,,,,,,,,,,,,,,,,,
1,,149,0.593795120716095,1.6147230863571167,0.2044149935245514,0.944178581237793,0.009017127566039562,0.4578762650489807,0.050347913056612015,1.1939810514450073,0.06715860217809677,2.639880418777466,0.05580775812268257,0.5013875961303711,4.131983280181885,0.009528721682727337,2.136308193206787,0.6589804887771606,,,,,,,,,,,,,,,
,9.502478480735677e-05,159,,,,,,,,,,,,,,,,,,,,,,,,,,,,,,,
1,,159,0.7248087525367737,0.8924376964569092,0.3069014251232147,1.216460108757019,0.03111673705279827,0.6482113599777222,0.06450903415679932,1.4148149490356445,0.062121592462062836,3.755260705947876,0.1128806471824646,0.5372064113616943,5.5967020988464355,0.009334654547274113,2.137495517730713,0.7212688326835632,,,,,,,,,,,,,,,
,9.323758684413272e-05,169,,,,,,,,,,,,,,,,,,,,,,,,,,,,,,,
1,,169,0.64985191822052,1.4669182300567627,0.24833481013774872,0.8941895365715027,0.051138296723365784,0.4690111577510834,0.03303449600934982,1.0358110666275024,0.041957613080739975,2.628532648086548,0.07696685194969177,0.5134648084640503,4.1290388107299805,0.007143557071685791,2.118555784225464,0.6692981719970703,,,,,,,,,,,,,,,
,9.119910980856477e-05,179,,,,,,,,,,,,,,,,,,,,,,,,,,,,,,,
1,,179,0.5855153799057007,1.616553544998169,0.1972460150718689,0.9402915239334106,0.04507805034518242,0.44425705075263977,0.04740668088197708,1.0828168392181396,0.07081633061170578,2.6963579654693604,0.14569541811943054,0.511359453201294,4.204418659210205,0.004593745805323124,2.1488804817199707,0.6807683706283569,,,,,,,,,,,,,,,
,8.892120049081576e-05,189,,,,,,,,,,,,,,,,,,,,,,,,,,,,,,,
1,,189,0.5538482666015625,1.3852368593215942,0.150415301322937,0.861552357673645,0.034027259796857834,0.4599645435810089,0.03297624737024307,0.9060248136520386,0.040923260152339935,2.5073108673095703,0.05882043018937111,0.4900040328502655,3.861821413040161,0.0228087417781353,2.111999750137329,0.6546193957328796,,,,,,,,,,,,,,,
,8.641709716300092e-05,199,,,,,,,,,,,,,,,,,,,,,,,,,,,,,,,
1,,199,0.624514639377594,1.679236888885498,0.32123130559921265,0.8382319808006287,0.017396287992596626,0.4679880738258362,0.0417410172522068,1.1618402004241943,0.03445683419704437,2.514033794403076,0.08077464997768402,0.4698927402496338,3.9804813861846924,0.007289139553904533,2.126915216445923,0.602212131023407,,,,,,,,,,,,,,,
1,,205,,,,,,,,,,,,,,,,,0.19866853952407837,0.030076351016759872,0.30836427211761475,0.012465579435229301,0.07403986155986786,0.0025489935651421547,0.1312410980463028,0.024452783167362213,0.23045003414154053,0.08750931918621063,0.18844449520111084,0.6336529850959778,0.00733735878020525,2.082805871963501,0.17221029102802277
,8.370135264379474e-05,209,,,,,,,,,,,,,,,,,,,,,,,,,,,,,,,
2,,209,0.7149309515953064,0.8545493483543396,0.3280068635940552,1.0905452966690063,0.03183987736701965,0.5800088047981262,0.04333056882023811,1.4101771116256714,0.04661544784903526,3.655186176300049,0.051392536610364914,0.5408432483673096,5.3817219734191895,0.01337989792227745,2.118562936782837,0.6125973463058472,,,,,,,,,,,,,,,
,8.078974972343413e-05,219,,,,,,,,,,,,,,,,,,,,,,,,,,,,,,,
2,,219,0.6744049787521362,1.7225314378738403,0.1763870269060135,0.9807759523391724,0.04143492877483368,0.44504132866859436,0.02511042356491089,0.9968610405921936,0.040479421615600586,2.4954755306243896,0.05526148900389671,0.4932313859462738,3.9398181438446045,0.0029437739867717028,2.1034250259399414,0.5917600989341736,,,,,,,,,,,,,,,
,7.769920944063244e-05,229,,,,,,,,,,,,,,,,,,,,,,,,,,,,,,,
2,,229,0.8448150753974915,0.8846729397773743,0.2936742305755615,1.2543330192565918,0.07414006441831589,0.5467727184295654,0.06834568083286285,1.4668583869934082,0.04523007571697235,3.651153087615967,0.08293098956346512,0.6019799113273621,5.587764263153076,0.007656644564121962,2.1668245792388916,0.7433024048805237,,,,,,,,,,,,,,,
,7.444769274446169e-05,239,,,,,,,,,,,,,,,,,,,,,,,,,,,,,,,
2,,239,0.8371208310127258,0.9135724902153015,0.315203994512558,1.106813669204712,0.05311528593301773,0.575814425945282,0.11059509217739105,1.3925801515579224,0.06390775740146637,3.7547860145568848,0.17116838693618774,0.5154686570167542,5.647074222564697,0.0035412211436778307,2.163177728652954,0.7295746803283691,,,,,,,,,,,,,,,
,7.105409611270331e-05,249,,,,,,,,,,,,,,,,,,,,,,,,,,,,,,,
2,,249,0.597601592540741,0.7501514554023743,0.3088785409927368,1.262836217880249,0.013172784820199013,0.6170346140861511,0.07059532403945923,1.4185373783111572,0.02836425229907036,3.5069570541381836,0.11537780612707138,0.5673016905784607,5.231351852416992,0.0026031711604446173,2.132997751235962,0.6803116202354431,,,,,,,,,,,,,,,
,6.7538141733291e-05,259,,,,,,,,,,,,,,,,,,,,,,,,,,,,,,,
2,,259,0.7908707857131958,0.891389787197113,0.19593653082847595,1.2112385034561157,0.04194208234548569,0.6252161860466003,0.03367112576961517,1.3528220653533936,0.07809298485517502,3.610800266265869,0.17140652239322662,0.5971116423606873,5.472957134246826,0.009311705827713013,2.1271228790283203,0.7971671223640442,,,,,,,,,,,,,,,
,6.392026288706548e-05,269,,,,,,,,,,,,,,,,,,,,,,,,,,,,,,,
2,,269,0.46171262860298157,1.6674658060073853,0.22057607769966125,0.9510600566864014,0.04550042748451233,0.44458186626434326,0.050651926547288895,0.9849634766578674,0.07236050069332123,2.547171115875244,0.11570731550455093,0.4540681540966034,3.9462058544158936,0.00665242550894618,2.1091299057006836,0.5974477529525757,,,,,,,,,,,,,,,
,6.022148519794999e-05,279,,,,,,,,,,,,,,,,,,,,,,,,,,,,,,,
2,,279,0.7620052099227905,0.821386456489563,0.14162446558475494,0.829932689666748,0.01906716078519821,0.5938988327980042,0.02869795262813568,1.0597822666168213,0.06077611818909645,3.5499722957611084,0.17080403864383698,0.5640363097190857,5.101593017578125,0.003963519353419542,2.1436495780944824,0.716616153717041,,,,,,,,,,,,,,,
,5.6463304440671204e-05,289,,,,,,,,,,,,,,,,,,,,,,,,,,,,,,,
2,,289,0.7040022015571594,1.571272611618042,0.154648095369339,1.0965725183486938,0.026694489642977715,0.45412492752075195,0.06845910102128983,1.1100515127182007,0.02915624901652336,2.569918394088745,0.04948796331882477,0.4334639012813568,4.064229488372803,0.0017181085422635078,2.150113344192505,0.5817353129386902,,,,,,,,,,,,,,,
,5.266756161615719e-05,299,,,,,,,,,,,,,,,,,,,,,,,,,,,,,,,
2,,299,0.6241106986999512,1.614506483078003,0.1488499790430069,0.9715967774391174,0.01869155466556549,0.42957624793052673,0.048571910709142685,0.9773526787757874,0.03999537602066994,2.4347829818725586,0.08302690833806992,0.4339556396007538,3.8158555030822754,0.010051347315311432,2.1388742923736572,0.5799890756607056,,,,,,,,,,,,,,,
2,,308,,,,,,,,,,,,,,,,,0.19564078748226166,0.027315298095345497,0.29564934968948364,0.011180543340742588,0.07294487208127975,0.0028322217985987663,0.12117484211921692,0.023844711482524872,0.22444263100624084,0.08180956542491913,0.19102537631988525,0.6141039133071899,0.007612789049744606,2.08313250541687,0.1638648509979248
,4.885631602062257e-05,309,,,,,,,,,,,,,,,,,,,,,,,,,,,,,,,
3,,309,0.7606117725372314,0.8102103471755981,0.20525315403938293,1.1830638647079468,0.015798654407262802,0.6124826669692993,0.04264761880040169,1.3096983432769775,0.028236135840415955,3.5897600650787354,0.07451328635215759,0.5718151330947876,5.32678747177124,0.008490744046866894,2.123838424682617,0.7992240786552429,,,,,,,,,,,,,,,
,4.505171704601128e-05,319,,,,,,,,,,,,,,,,,,,,,,,,,,,,,,,
3,,319,0.6576306819915771,0.8035451173782349,0.2517545223236084,1.1770844459533691,0.056787487119436264,0.5691458582878113,0.06876640021800995,1.2867246866226196,0.06524764001369476,3.5375614166259766,0.09293807297945023,0.5460460782051086,5.281347274780273,0.007150559686124325,2.132678747177124,0.7015231251716614,,,,,,,,,,,,,,,
,4.127587545684002e-05,329,,,,,,,,,,,,,,,,,,,,,,,,,,,,,,,
3,,329,0.5630151033401489,1.7421318292617798,0.2191287726163864,0.9351719617843628,0.04658505320549011,0.36489513516426086,0.04681342840194702,1.0100160837173462,0.04688158631324768,2.4763662815093994,0.08633368462324142,0.41490137577056885,3.8276100158691406,0.0024900331627577543,2.1378250122070312,0.47503891587257385,,,,,,,,,,,,,,,
,3.7550734891528414e-05,339,,,,,,,,,,,,,,,,,,,,,,,,,,,,,,,
3,,339,0.7879471182823181,0.9459975957870483,0.2558259665966034,1.0104600191116333,0.03643691912293434,0.5068925619125366,0.057628437876701355,1.3180798292160034,0.09874105453491211,3.5293314456939697,0.07856639474630356,0.46795982122421265,5.238046646118164,0.0037972943391650915,2.133269786834717,0.5995427966117859,,,,,,,,,,,,,,,
,3.38979443349973e-05,349,,,,,,,,,,,,,,,,,,,,,,,,,,,,,,,
3,,349,0.629287600517273,1.5680538415908813,0.22315256297588348,0.9819009900093079,0.02085300348699093,0.3752703368663788,0.050608936697244644,1.0136017799377441,0.023047544062137604,2.493807554244995,0.08878351002931595,0.40337827801704407,3.8721373081207275,0.0028332001529634,2.1022939682006836,0.5553509593009949,,,,,,,,,,,,,,,
,3.033873230367199e-05,359,,,,,,,,,,,,,,,,,,,,,,,,,,,,,,,
3,,359,0.7013136744499207,0.8497426509857178,0.29048392176628113,1.2339582443237305,0.036329690366983414,0.5594497323036194,0.047768332064151764,1.2094697952270508,0.05789729580283165,3.5374979972839355,0.123853899538517,0.5898370146751404,5.295151233673096,0.005645085591822863,2.1658647060394287,0.7269437909126282,,,,,,,,,,,,,,,
,2.6893783474075528e-05,369,,,,,,,,,,,,,,,,,,,,,,,,,,,,,,,
3,,369,0.7263295650482178,0.8960586786270142,0.26073217391967773,1.170633316040039,0.027550112456083298,0.5139503479003906,0.06525813788175583,1.3012924194335938,0.05537866801023483,3.531809091567993,0.05440220236778259,0.47690072655677795,5.175450325012207,0.005174207501113415,2.1390154361724854,0.489700049161911,,,,,,,,,,,,,,,
,2.358311847199567e-05,379,,,,,,,,,,,,,,,,,,,,,,,,,,,,,,,
3,,379,0.7620853781700134,0.7939848899841309,0.3240814805030823,1.0344576835632324,0.023524971678853035,0.5594810247421265,0.05928826332092285,1.3832331895828247,0.04788766801357269,3.5595366954803467,0.10685995221138,0.520025908946991,5.325048923492432,0.023853057995438576,2.1094000339508057,0.7129252552986145,,,,,,,,,,,,,,,
,2.0425977520841838e-05,389,,,,,,,,,,,,,,,,,,,,,,,,,,,,,,,
3,,389,0.7576357126235962,0.8253576755523682,0.249596506357193,1.2676079273223877,0.023082252591848373,0.533540666103363,0.05879003927111626,1.4040220975875854,0.03608498349785805,3.5640745162963867,0.10099880397319794,0.514960527420044,5.302220821380615,0.005535176023840904,2.1334288120269775,0.608592689037323,,,,,,,,,,,,,,,
,1.7440708625379505e-05,399,,,,,,,,,,,,,,,,,,,,,,,,,,,,,,,
3,,399,0.7489560842514038,0.8273297548294067,0.21038025617599487,1.1123862266540527,0.03179190307855606,0.5682734847068787,0.05676927790045738,1.2251088619232178,0.0678698718547821,3.5195679664611816,0.06412909924983978,0.4697791635990143,5.185826301574707,0.003681481583043933,2.0816402435302734,0.6342122554779053,,,,,,,,,,,,,,,
,1.4644660940672627e-05,409,,,,,,,,,,,,,,,,,,,,,,,,,,,,,,,
3,,409,0.5969938635826111,1.5406227111816406,0.1699623167514801,1.1548184156417847,0.052165888249874115,0.46775364875793457,0.03492853790521622,1.08061683177948,0.04761107265949249,2.5901591777801514,0.06490826606750488,0.4915025234222412,4.150984764099121,0.014606256037950516,2.147418737411499,0.7364035248756409,,,,,,,,,,,,,,,
3,,411,,,,,,,,,,,,,,,,,0.19360797107219696,0.026795633137226105,0.2940380871295929,0.011957394890487194,0.06856981664896011,0.002491588005796075,0.1237017810344696,0.02377397194504738,0.22361764311790466,0.08443032950162888,0.18882475793361664,0.6116639375686646,0.007358983624726534,2.082423448562622,0.16493026912212372
,1.2054083945929535e-05,419,,,,,,,,,,,,,,,,,,,,,,,,,,,,,,,
4,,419,0.5622866749763489,1.5702781677246094,0.11882582306861877,0.885732889175415,0.028100192546844482,0.43148598074913025,0.05780081823468208,0.8778361082077026,0.03144586831331253,2.4180500507354736,0.07081484794616699,0.42288318276405334,3.716972589492798,0.006536783650517464,2.109032154083252,0.6233872771263123,,,,,,,,,,,,,,,
,9.684033009212752e-06,429,,,,,,,,,,,,,,,,,,,,,,,,,,,,,,,
4,,429,0.5184522867202759,1.863468050956726,0.2781952917575836,0.9690038561820984,0.05409308895468712,0.3552640378475189,0.019898872822523117,1.0985077619552612,0.03171207755804062,2.4623141288757324,0.032140012830495834,0.4734284281730652,3.883845806121826,0.007989109493792057,2.0966455936431885,0.645442545413971,,,,,,,,,,,,,,,
,7.548281891831716e-06,439,,,,,,,,,,,,,,,,,,,,,,,,,,,,,,,
4,,439,0.6067609786987305,1.6590391397476196,0.13057459890842438,0.9076745510101318,0.00913417711853981,0.42021986842155457,0.0648059993982315,0.998423159122467,0.014324144460260868,2.4569921493530273,0.0546051450073719,0.47124311327934265,3.7586276531219482,0.0030439128167927265,2.1063926219940186,0.5257246494293213,,,,,,,,,,,,,,,
,5.659242700906719e-06,449,,,,,,,,,,,,,,,,,,,,,,,,,,,,,,,
4,,449,0.6983676552772522,0.8632102012634277,0.27859947085380554,1.2985895872116089,0.05257446691393852,0.5189342498779297,0.06331299990415573,1.3152519464492798,0.039064593613147736,3.571488618850708,0.08649428933858871,0.5354416966438293,5.328035354614258,0.011086653918027878,2.140528917312622,0.6445159912109375,,,,,,,,,,,,,,,
,4.027893755307144e-06,459,,,,,,,,,,,,,,,,,,,,,,,,,,,,,,,
4,,459,0.8312571048736572,0.8475722670555115,0.19787342846393585,0.9977177381515503,0.021355485543608665,0.5667068362236023,0.056899543851614,1.217299461364746,0.0651116594672203,3.567932605743408,0.16451138257980347,0.5409829020500183,5.298139572143555,0.009909277781844139,2.1089797019958496,0.7747085094451904,,,,,,,,,,,,,,,
,2.663715784177201e-06,469,,,,,,,,,,,,,,,,,,,,,,,,,,,,,,,
4,,469,0.7506133317947388,0.7964500188827515,0.2674860656261444,1.1310653686523438,0.036954790353775024,0.6113442182540894,0.029921606183052063,1.2925572395324707,0.055572886019945145,3.608201503753662,0.06480240821838379,0.5170565843582153,5.372751712799072,0.010290817357599735,2.0988385677337646,0.7868127226829529,,,,,,,,,,,,,,,
,1.5746368288373947e-06,479,,,,,,,,,,,,,,,,,,,,,,,,,,,,,,,
4,,479,0.5930222868919373,1.6279723644256592,0.2347567230463028,0.948284387588501,0.05337616801261902,0.4271909296512604,0.04813474044203758,1.1182174682617188,0.03739554435014725,2.5576136112213135,0.08742585778236389,0.4788535535335541,4.03162956237793,0.004524825606495142,2.1271302700042725,0.6150538325309753,,,,,,,,,,,,,,,
,7.669861682688239e-07,489,,,,,,,,,,,,,,,,,,,,,,,,,,,,,,,
4,,489,0.706001341342926,0.7292630076408386,0.16232065856456757,1.0145392417907715,0.005664138123393059,0.575667142868042,0.04081080108880997,1.1291128396987915,0.05924389883875847,3.504582166671753,0.1308109015226364,0.5373088717460632,5.065321922302246,0.006959922611713409,2.172606945037842,0.6429899334907532,,,,,,,,,,,,,,,
,2.4545753594688583e-07,499,,,,,,,,,,,,,,,,,,,,,,,,,,,,,,,
4,,499,0.5770281553268433,1.5979334115982056,0.12350254505872726,0.7104551196098328,0.012335015460848808,0.3693901598453522,0.02741364948451519,0.819789707660675,0.026657983660697937,2.3509294986724854,0.0439833402633667,0.37987056374549866,3.4719862937927246,0.002882530679926276,2.1302762031555176,0.44851967692375183,,,,,,,,,,,,,,,
,1.3081841792694783e-08,509,,,,,,,,,,,,,,,,,,,,,,,,,,,,,,,
4,,509,0.7833347320556641,0.831068754196167,0.29375267028808594,1.2014094591140747,0.04309893772006035,0.5782214403152466,0.06555961817502975,1.5192272663116455,0.026886191219091415,3.6038577556610107,0.05791587382555008,0.6174490451812744,5.429035663604736,0.0063039991073310375,2.120077133178711,0.6332600712776184,,,,,,,,,,,,,,,
4,,514,,,,,,,,,,,,,,,,,0.1930890679359436,0.026552636176347733,0.2931356728076935,0.01204331498593092,0.06760119646787643,0.002590731717646122,0.12058930844068527,0.02352982573211193,0.22109246253967285,0.08392953127622604,0.18877491354942322,0.6073898673057556,0.007332660257816315,2.084167242050171,0.16532625257968903
,0.0,519,,,,,,,,,,,,,,,,,,,,,,,,,,,,,,,
5,,519,0.5969194173812866,1.5586050748825073,0.23847052454948425,0.7505651116371155,0.02726796641945839,0.4291471242904663,0.025277072563767433,0.9365212321281433,0.04254566505551338,2.440108299255371,0.0643506646156311,0.4863569736480713,3.7852931022644043,0.022511688992381096,2.149099349975586,0.5762073993682861,,,,,,,,,,,,,,,
,0.0,529,,,,,,,,,,,,,,,,,,,,,,,,,,,,,,,
5,,529,0.7673017978668213,0.7468585968017578,0.2712610960006714,1.090044379234314,0.02121332660317421,0.559922456741333,0.04290661960840225,1.2476844787597656,0.06793753802776337,3.5615596771240234,0.1093219518661499,0.5053209066390991,5.268256187438965,0.0029346768278628588,2.1008434295654297,0.6820823550224304,,,,,,,,,,,,,,,
,0.0,539,,,,,,,,,,,,,,,,,,,,,,,,,,,,,,,
5,,539,0.6614730358123779,1.4800434112548828,0.1023656353354454,0.7830058336257935,0.0025658344384282827,0.39692267775535583,0.022953875362873077,0.7522687911987305,0.027645915746688843,2.4212005138397217,0.10912468284368515,0.46369776129722595,3.6530816555023193,0.0031809648498892784,2.1172118186950684,0.6134013533592224,,,,,,,,,,,,,,,
,0.0,549,,,,,,,,,,,,,,,,,,,,,,,,,,,,,,,
5,,549,0.5891723036766052,1.6895569562911987,0.22419992089271545,0.8222017884254456,0.035257767885923386,0.3486633002758026,0.05904638022184372,1.016113519668579,0.018230341374874115,2.307091474533081,0.08308906108140945,0.4153073728084564,3.5975399017333984,0.005487126763910055,2.148153781890869,0.44768086075782776,,,,,,,,,,,,,,,
,0.0,559,,,,,,,,,,,,,,,,,,,,,,,,,,,,,,,
5,,559,0.6091349720954895,0.8414856791496277,0.21491564810276031,1.0385645627975464,0.03189931809902191,0.5669431090354919,0.023459430783987045,1.337691068649292,0.047400377690792084,3.4437878131866455,0.12151840329170227,0.5317572355270386,5.051355361938477,0.004154596012085676,2.137979745864868,0.6984769105911255,,,,,,,,,,,,,,,
,0.0,569,,,,,,,,,,,,,,,,,,,,,,,,,,,,,,,
5,,569,0.632809579372406,1.5227782726287842,0.0978303775191307,0.7261756658554077,0.01705973409116268,0.36065012216567993,0.028419893234968185,0.9165389537811279,0.03587888181209564,2.4116830825805664,0.08287149667739868,0.3990110754966736,3.620828628540039,0.0030388031154870987,2.1355857849121094,0.5134603381156921,,,,,,,,,,,,,,,
,0.0,579,,,,,,,,,,,,,,,,,,,,,,,,,,,,,,,
5,,579,0.6429557800292969,1.6149137020111084,0.14225545525550842,0.9412459135055542,0.050085265189409256,0.40202364325523376,0.01954026147723198,0.8743249177932739,0.042742058634757996,2.4760284423828125,0.10709258913993835,0.49146029353141785,3.8727903366088867,0.010088317096233368,2.145191192626953,0.6329305768013,,,,,,,,,,,,,,,
,0.0,589,,,,,,,,,,,,,,,,,,,,,,,,,,,,,,,
5,,589,0.5056402087211609,1.7584298849105835,0.17598679661750793,0.8000033497810364,0.024343391880393028,0.40719160437583923,0.04165834188461304,0.8387508392333984,0.04020903259515762,2.329986572265625,0.032767415046691895,0.42785799503326416,3.558846950531006,0.0046475972048938274,2.1308820247650146,0.5788110494613647,,,,,,,,,,,,,,,
,0.0,599,,,,,,,,,,,,,,,,,,,,,,,,,,,,,,,
5,,599,0.6506261229515076,1.5530707836151123,0.15995831787586212,0.8413543701171875,0.048189789056777954,0.3956516683101654,0.026160603389143944,0.9755773544311523,0.03308270871639252,2.5190277099609375,0.07125682383775711,0.47224459052085876,3.895686626434326,0.0069023482501506805,2.1271188259124756,0.6191869974136353,,,,,,,,,,,,,,,
,0.0,609,,,,,,,,,,,,,,,,,,,,,,,,,,,,,,,
5,,609,0.5801005363464355,1.546581506729126,0.10390346497297287,0.8282362222671509,0.012251116335391998,0.4427404999732971,0.016724998131394386,0.9194920659065247,0.04933244735002518,2.543632745742798,0.09918398410081863,0.44983217120170593,3.836297035217285,0.004430400673300028,2.1349170207977295,0.6426767110824585,,,,,,,,,,,,,,,
5,,617,,,,,,,,,,,,,,,,,0.1930890679359436,0.026552636176347733,0.2931356728076935,0.01204331498593092,0.06760119646787643,0.002590731717646122,0.12058930844068527,0.02352982573211193,0.22109246253967285,0.08392953127622604,0.18877491354942322,0.6073898673057556,0.007332660257816315,2.084167242050171,0.16532625257968903
,0.0,619,,,,,,,,,,,,,,,,,,,,,,,,,,,,,,,
6,,619,0.7060294151306152,0.878909170627594,0.36013081669807434,1.2006340026855469,0.032183192670345306,0.5579561591148376,0.06823276728391647,1.3674792051315308,0.04782707989215851,3.586179256439209,0.06801658123731613,0.5217991471290588,5.336614608764648,0.0026868460699915886,2.1229822635650635,0.6014783978462219,,,,,,,,,,,,,,,
,0.0,629,,,,,,,,,,,,,,,,,,,,,,,,,,,,,,,
6,,629,0.810250461101532,0.7926189303398132,0.165926992893219,1.1452423334121704,0.03219792619347572,0.5967594385147095,0.07384132593870163,1.2080178260803223,0.04914943873882294,3.614572048187256,0.08811571449041367,0.4431903660297394,5.3100504875183105,0.0032388034742325544,2.138070821762085,0.6861769556999207,,,,,,,,,,,,,,,
,0.0,639,,,,,,,,,,,,,,,,,,,,,,,,,,,,,,,
6,,639,0.6659152507781982,1.5613857507705688,0.1966668963432312,0.8282096982002258,0.01117977499961853,0.41840383410453796,0.059688422828912735,0.9741414189338684,0.020594744011759758,2.4010367393493652,0.07830304652452469,0.4792712330818176,3.7354469299316406,0.0008185398182831705,2.1327531337738037,0.5204992294311523,,,,,,,,,,,,,,,
,0.0,649,,,,,,,,,,,,,,,,,,,,,,,,,,,,,,,
6,,649,0.5187263488769531,1.5841028690338135,0.22157491743564606,0.7867079377174377,0.02165546640753746,0.44278591871261597,0.03972642868757248,0.952614426612854,0.05355622246861458,2.4011662006378174,0.05615074187517166,0.44862571358680725,3.708894729614258,0.013114022091031075,2.1212472915649414,0.5617861151695251,,,,,,,,,,,,,,,
,0.0,659,,,,,,,,,,,,,,,,,,,,,,,,,,,,,,,
6,,659,0.5956066250801086,1.46736478805542,0.12605546414852142,0.7363771796226501,0.03126655891537666,0.4287726879119873,0.026479093357920647,0.7783052325248718,0.04080995172262192,2.378875494003296,0.11617494374513626,0.4151659607887268,3.610301971435547,0.011389500461518764,2.135488986968994,0.5445110201835632,,,,,,,,,,,,,,,
,0.0,669,,,,,,,,,,,,,,,,,,,,,,,,,,,,,,,
6,,669,0.6769730448722839,0.913907527923584,0.25099697709083557,1.1095350980758667,0.03387094661593437,0.5781405568122864,0.06836351007223129,1.2454314231872559,0.06466026604175568,3.58921480178833,0.07970137894153595,0.4755893349647522,5.264916896820068,0.002559951040893793,2.097064256668091,0.6857225298881531,,,,,,,,,,,,,,,
,0.0,679,,,,,,,,,,,,,,,,,,,,,,,,,,,,,,,
6,,679,0.7558329105377197,0.8248715996742249,0.18885500729084015,1.1095601320266724,0.013701653108000755,0.6127099990844727,0.09229160845279694,1.1826988458633423,0.05256388336420059,3.580221176147461,0.1274702101945877,0.5592215061187744,5.262425422668457,0.009186523035168648,2.165947198867798,0.6482089757919312,,,,,,,,,,,,,,,
,0.0,689,,,,,,,,,,,,,,,,,,,,,,,,,,,,,,,
6,,689,0.6317192912101746,1.4559376239776611,0.16432735323905945,0.8768150806427002,0.03942030668258667,0.40105772018432617,0.05517883226275444,0.8986631631851196,0.024546001106500626,2.433539628982544,0.07844005525112152,0.4490652084350586,3.7571473121643066,0.005158099811524153,2.1079750061035156,0.5191652774810791,,,,,,,,,,,,,,,
,0.0,699,,,,,,,,,,,,,,,,,,,,,,,,,,,,,,,
6,,699,0.7680788040161133,0.7444007992744446,0.24998122453689575,1.1452802419662476,0.03654542192816734,0.6113282442092896,0.08865110576152802,1.2297250032424927,0.0575132817029953,3.5427329540252686,0.08723615854978561,0.5053683519363403,5.308318614959717,0.0056725735776126385,2.1107280254364014,0.7316364049911499,,,,,,,,,,,,,,,
,0.0,709,,,,,,,,,,,,,,,,,,,,,,,,,,,,,,,
6,,709,0.7432762980461121,0.8501443266868591,0.19840367138385773,0.9841618537902832,0.032590728253126144,0.542525589466095,0.046923451125621796,1.143980860710144,0.055891409516334534,3.5785152912139893,0.13441580533981323,0.502249002456665,5.212124824523926,0.0090021388605237,2.1296167373657227,0.7472519278526306,,,,,,,,,,,,,,,
,0.0,719,,,,,,,,,,,,,,,,,,,,,,,,,,,,,,,
6,,719,0.652165412902832,1.6970055103302002,0.18532510101795197,0.9496515393257141,0.055856216698884964,0.4116438031196594,0.036529894918203354,1.1207934617996216,0.046449925750494,2.4171335697174072,0.054186005145311356,0.49566179513931274,3.8858487606048584,0.009752413257956505,2.118426561355591,0.5430452823638916,,,,,,,,,,,,,,,
6,,720,,,,,,,,,,,,,,,,,0.1930890679359436,0.026552636176347733,0.2931356728076935,0.01204331498593092,0.06760119646787643,0.002590731717646122,0.12058930844068527,0.02352982573211193,0.22109246253967285,0.08392953127622604,0.18877491354942322,0.6073898673057556,0.007332660257816315,2.084167242050171,0.16532625257968903
,0.0,729,,,,,,,,,,,,,,,,,,,,,,,,,,,,,,,
7,,729,0.6542598605155945,1.4941078424453735,0.43669062852859497,0.9563241004943848,0.05830061063170433,0.44655901193618774,0.02391444705426693,1.167298674583435,0.05992001295089722,2.597350597381592,0.10699059814214706,0.46682441234588623,4.213797092437744,0.00475145922973752,2.097850799560547,0.5997858047485352,,,,,,,,,,,,,,,
,0.0,739,,,,,,,,,,,,,,,,,,,,,,,,,,,,,,,
7,,739,0.6808067560195923,1.6661663055419922,0.19064854085445404,1.0068309307098389,0.04653627797961235,0.43436703085899353,0.06567563861608505,1.0245304107666016,0.04644044488668442,2.5884835720062256,0.05835508555173874,0.47688448429107666,4.086213111877441,0.002004662761464715,2.098112106323242,0.6078132390975952,,,,,,,,,,,,,,,
,0.0,749,,,,,,,,,,,,,,,,,,,,,,,,,,,,,,,
7,,749,0.6320587992668152,1.7215136289596558,0.5880067944526672,1.0867030620574951,0.06195002794265747,0.4140753746032715,0.01989748328924179,1.3435183763504028,0.035319551825523376,2.4979255199432373,0.07593388110399246,0.4812268614768982,4.207639217376709,0.009126202203333378,2.1668701171875,0.5636416077613831,,,,,,,,,,,,,,,
,0.0,759,,,,,,,,,,,,,,,,,,,,,,,,,,,,,,,
7,,759,0.6285939812660217,1.611998200416565,0.40166592597961426,1.0483436584472656,0.07994254678487778,0.37937629222869873,0.03160448372364044,1.1715173721313477,0.0325605534017086,2.460353374481201,0.08919423818588257,0.4583515524864197,4.0590105056762695,0.008031848818063736,2.156602382659912,0.6002707481384277,,,,,,,,,,,,,,,
,0.0,769,,,,,,,,,,,,,,,,,,,,,,,,,,,,,,,
7,,769,0.6683833003044128,0.7903229594230652,0.22843116521835327,1.0860071182250977,0.040144868195056915,0.5879637002944946,0.06173626706004143,1.3038979768753052,0.060883671045303345,3.570107936859131,0.09398945420980453,0.5502563714981079,5.265743255615234,0.00623161718249321,2.1173977851867676,0.6967509388923645,,,,,,,,,,,,,,,
,0.0,779,,,,,,,,,,,,,,,,,,,,,,,,,,,,,,,
7,,779,0.5685211420059204,1.5269888639450073,0.11024398356676102,0.7981827855110168,0.03567085042595863,0.40918976068496704,0.028166353702545166,0.8337557911872864,0.029599670320749283,2.39487886428833,0.07538097351789474,0.4188821017742157,3.619417905807495,0.0041973525658249855,2.095191478729248,0.5578489899635315,,,,,,,,,,,,,,,
,0.0,789,,,,,,,,,,,,,,,,,,,,,,,,,,,,,,,
7,,789,0.6629669666290283,1.5307331085205078,0.12098322808742523,0.8945388197898865,0.030162766575813293,0.4388136565685272,0.0334593802690506,0.9515426754951477,0.04028282314538956,2.568631887435913,0.07797390967607498,0.48083069920539856,3.95633864402771,0.01220557652413845,2.129528045654297,0.6154536604881287,,,,,,,,,,,,,,,
,0.0,799,,,,,,,,,,,,,,,,,,,,,,,,,,,,,,,
7,,799,0.8163349628448486,0.8884326815605164,0.23086705803871155,0.9556152820587158,0.025161897763609886,0.5569325089454651,0.05292878672480583,1.2277979850769043,0.06667178869247437,3.602429151535034,0.1112382709980011,0.4578183591365814,5.258948802947998,0.000970948429312557,2.112872362136841,0.6520652770996094,,,,,,,,,,,,,,,
,0.0,809,,,,,,,,,,,,,,,,,,,,,,,,,,,,,,,
7,,809,0.7976491451263428,0.8866706490516663,0.20969584584236145,1.1904470920562744,0.04928896576166153,0.5695899724960327,0.058801647275686264,1.5251519680023193,0.07150064408779144,3.6571240425109863,0.1024099588394165,0.5603371858596802,5.540312767028809,0.009830315597355366,2.1249165534973145,0.7740562558174133,,,,,,,,,,,,,,,
,0.0,819,,,,,,,,,,,,,,,,,,,,,,,,,,,,,,,
7,,819,0.5925310254096985,1.4742672443389893,0.21022900938987732,1.000335454940796,0.012658126652240753,0.4178631007671356,0.051372867077589035,1.0282313823699951,0.03600883483886719,2.451838970184326,0.04731845483183861,0.43841561675071716,3.8348286151885986,0.006384919863194227,2.1018290519714355,0.5516295433044434,,,,,,,,,,,,,,,
7,,823,,,,,,,,,,,,,,,,,0.1930890679359436,0.026552636176347733,0.2931356728076935,0.01204331498593092,0.06760119646787643,0.002590731717646122,0.12058930844068527,0.02352982573211193,0.22109246253967285,0.08392953127622604,0.18877491354942322,0.6073898673057556,0.007332660257816315,2.084167242050171,0.16532625257968903
