asset,tier,size_bytes,sha256,extracts_to,contents
MIDI2ScoreTF.ckpt,quickstart,389829880,7b8ec6e3da365b97443fb67a8f0b37d63997e93c152d665d43cb2011245db638,MIDI2ScoreTransformer/checkpoints/MIDI2ScoreTF.ckpt,"Released upstream MIDI2ScoreTransformer checkpoint (Beyer and Dai 2024), epoch 21, step 40000, with optimizer state"
ssl_tuplet20_last.ckpt,quickstart,389828159,8e52c3574507b26ef79d6f7a8ad7b842746533ed97bc2a111246e48736e5a34a,MIDI2ScoreTransformer/checkpoints/ssl_tuplet20/last.ckpt,"Best own model (corpus MeanER 11.87 on 14 pieces): ssl_classical_clean init plus tuplet loss weight 2.0; epoch 3, step 2780, val 0.5388"
ssl_classical_clean_epoch13.ckpt,quickstart,389828159,666bf3264d42d982766e8a9c14b6b07579bbe27d46ffc132c6391eafbdf4798f,MIDI2ScoreTransformer/checkpoints/ssl_classical_clean/ssl_classical_clean-epoch=13-val/total=0.5125.ckpt,"Masked-SSL from-scratch model on the leak-filtered classical corpus, epoch 13, step 9730, val 0.5125 (corpus MeanER 12.69)"
hft-checkpoint.tar.zst,quickstart,20522914,97f7499b370f828879fb66c41d26a2ec99083f31563aa12c38ccd329ea33663e,hFT-Transformer/checkpoint/,"hFT-Transformer MAESTRO-V3 weights (Sony, ISMIR 2023 release) used by transcribe.py -t hft"
mt3-checkpoints.tar.zst,quickstart,171987569,7452df75ed12968c7ae1433d1ac7980e2656a5d7e10a816183c07efc3aec27da,mt3/checkpoints/,"MT3 ismir2021 TensorFlow checkpoint directory (Google Magenta), optional transcriber"
asap-dataset-8cba199e-with-chunks.tar.zst,quickstart,118919351,084fa734ffab4fda348d932e33c049152fa855d15c336e7c038c9221e4f5bcd7,MIDI2ScoreTransformer/data/asap-dataset/,Pinned clone of TimFelixBeyer/asap-dataset at 8cba199e15931975542010a7ea2ff94a6fc9cbee (nested .git included) plus the 967 generated *_chunks.json files that a fresh clone lacks
asap-cache.tar.zst,quickstart,33502428,82d8983616660e9dea6ab741b36a1d0e69ab3846f4a14a6efdb29fc72beacc8a,MIDI2ScoreTransformer/data/cache/,997 ASAP tokenization cache pickles keyed on data_dir './data/' and dataset id diffusion_2024_04_18
benchmark-pieces.tar.zst,quickstart,128516525,20b61a7338f126d2e0328d698d400f5b79299a918fc6188e8160f34880c60e10,benchmark/<piece>/audio and midi,Three MAESTRO performances (CC BY-NC-SA 4.0): audio wav and performance midi for the tier-2 end-to-end evaluation pieces
data-pairs_deduped_full.tar.zst,data,367880657,993ad814c73e20a9ecdace1c0164914ef2465cf05b853ff0ebda6b1afaea83af,data/pairs_deduped_full/,"52,918 rendered PDMX pairs (mid, mxl, chunks json, alignment json) plus _manifest.csv; 211,674 files"
data-cache_pdmx_full.tar.zst,data,130365405,1aeed129633a1f9a4ea0d96c9f84af609933d2feebf1e55334ef982653859940,data/cache_pdmx_full/,"52,902 tokenizer cache pickles for pairs_deduped_full, keyed by sha256 of the original /root/Music-ML-BayenLab manifest path strings"
data-pairs_deduped_smoke.tar.zst,data,65338699,ee70205234682623e51ca7e18a6a2969898adb0c58124f1571d27b1f87029193,data/pairs_deduped_smoke/,"2,133-pair smoke subset of the full pack"
data-cache_pdmx_smoke.tar.zst,data,17110751,1d836601eaf4aa2718f4ca2263935e3c6055668df6708906636c3a48339ee98a,data/cache_pdmx_smoke/,Cache pickles for the smoke subset
legacy-data-pairs.tar.zst,data,101112296,4fa1527c9ff2ee806079d7f7bd6967068d565add15c1f7890a91814e72de9841,legacy/data/pairs/,"April 2026 5,248-pair set (first synthetic pretraining data); indexed by data/pairs_april_manifest.csv"
legacy-data-cache_pdmx.tar.zst,data,29426905,33334c07f1f02dff8f07fd92efbc8ec55b64b507800fb10c30e6af3bf9b6f86d,legacy/data/cache_pdmx/,Cache pickles for the April set
legacy-data-render_test.tar.zst,data,59437,3280d9713f5f4d57d0913b7e317581bbcf146be3b7a52cc9eb102c9cb70775e7,legacy/data/render_test/,Render smoke test outputs
pdmx-subset-csvs.tar.zst,data,25423943,0d2490dd05b696b639a47ff3484b0dee89b5f38f3895a19fb83336070e876908,data/,PDMX piano subset filter output (scripts/filter_pdmx.py) and its content-deduplicated version (scripts/content_dedup.py)
PDMX.csv.zst,data,44258136,2ea871c6d2e54d95c52a5c063083981dfdd407dfd7aef409901def7c83c15b9a,<datasets root>/pdmx/PDMX.csv,Upstream PDMX metadata CSV (Zenodo record 15571083); convenience copy
PDMX_mxl.tar.gz,data,1894335797,01949cc0d9215e2f30924eadc8b1dd148aca90c02e2cf1999bb83df5ffe4d7a4,<datasets root>/pdmx/mxl/,"Upstream PDMX MusicXML archive, 254,035 files (Zenodo record 15571083); convenience copy, 1.89 GB"
gpu-corpora.tar.zst,data,1405409035,f79f31dfadedfc35ab5d5843b44e7a8e8ad3284d244501a21f46e377bb2e6f69,data/,"The six corpora that exist only on the gpu branch of the original repository (737,883 files, 9.4 GB raw): pairs_pdmx (mid+mxl+json), pairs_classical (23,832 chunks json only), pairs_kern_rubato, pairs_scraped (json only), pairs_broad, pairs_kern; plus 12 manifests and data/preflight"
benchmark-work-dirs.tar.zst,archive,180865858,0a592a5b722575cfe768554c72c81608813b864267424f8b20f220a9d92500ab,benchmark/*_work*/,"Candidate pools and selector work directories of the best-of-N experiments (16 dirs, 6,583 files); inputs of the research scripts"
outputs.tar.zst,archive,2878253,c9280f0723cc70e2bd6aa8b8de5ebc5c523fd9f97b13965fe93dc8113ce20554,outputs/,"Transcription outputs produced during development (demo PDFs, MusicXML, MIDI)"
ckpt-archive/checkpoints_backup__ar_fix-ep28-val2.5528.ckpt,archive-checkpoints,389823109,84690deb97fca3392fb3aa601693c5195fd0fb3d861f69a6e496672a2f4f9fa5,checkpoints_backup/ar_fix-ep28-val2.5528.ckpt,Non-live checkpoint (superseded epoch or ruled-out run); all original paths: checkpoints_backup/ar_fix-ep28-val2.5528.ckpt
ckpt-archive/checkpoints_backup__ar_full-ep10-val1.2629.ckpt,archive-checkpoints,389823173,aab2be001cfa2da9f39ac760c53ec4bedbf7f07ecc74a982758bc31a2d422c58,checkpoints_backup/ar_full-ep10-val1.2629.ckpt,Non-live checkpoint (superseded epoch or ruled-out run); all original paths: checkpoints_backup/ar_full-ep10-val1.2629.ckpt
ckpt-archive/checkpoints_backup__ar_full2-ep02-val1.4901.ckpt,archive-checkpoints,389823173,748829089526226f06698e4e56e09112a045d22057fea95fdd614653a5a390e9,checkpoints_backup/ar_full2-ep02-val1.4901.ckpt,Non-live checkpoint (superseded epoch or ruled-out run); all original paths: checkpoints_backup/ar_full2-ep02-val1.4901.ckpt
ckpt-archive/checkpoints_backup__ar_full3-ep09-val0.9696.ckpt,archive-checkpoints,389823173,9cb30bf6e42b07e3402ea62aaa535167730f7d6b8e221a7f3d93e3995f8bb19c,checkpoints_backup/ar_full3-ep09-val0.9696.ckpt,Non-live checkpoint (superseded epoch or ruled-out run); all original paths: checkpoints_backup/ar_full3-ep09-val0.9696.ckpt
ckpt-archive/checkpoints_backup__ar_full4-ep02-val1.1188.ckpt,archive-checkpoints,389823173,0a5319ee2aa5cc460e0e250542a7043588c888a4cb860af3d6cf39dbecff40cd,checkpoints_backup/ar_full4-ep02-val1.1188.ckpt,Non-live checkpoint (superseded epoch or ruled-out run); all original paths: checkpoints_backup/ar_full4-ep02-val1.1188.ckpt
ckpt-archive/checkpoints_backup__beat_asap-last.ckpt,archive-checkpoints,389915957,97a3d78d3108b75ec071e9d41315890309ec9fb9b41951ee25a1beb163f32b8e,checkpoints_backup/beat_asap-last.ckpt,Non-live checkpoint (superseded epoch or ruled-out run); all original paths: checkpoints_backup/beat_asap-last.ckpt | legacy/checkpoints_backup/gpu_full/beat_asap/beat_asap-epoch=10-val/total=0.6872.ckpt
ckpt-archive/checkpoints_backup__beat_asap_v2-ep04-val0.6739.ckpt,archive-checkpoints,389916021,420dd7ee0b50f97cccc986fe05377541ca572d9391a97c8aef35b9e6c4a2d0c1,checkpoints_backup/beat_asap_v2-ep04-val0.6739.ckpt,Non-live checkpoint (superseded epoch or ruled-out run); all original paths: checkpoints_backup/beat_asap_v2-ep04-val0.6739.ckpt | legacy/checkpoints_backup/gpu_full/beat_asap_v2/last.ckpt
ckpt-archive/checkpoints_backup__broad_mix-ep14-val0.6435.ckpt,archive-checkpoints,389827525,bf3cb4d0ae252ce50bb7b92f9eb17a94fad3cba25e39c2a20cb17ba37a217f14,checkpoints_backup/broad_mix-ep14-val0.6435.ckpt,Non-live checkpoint (superseded epoch or ruled-out run); all original paths: checkpoints_backup/broad_mix-ep14-val0.6435.ckpt | legacy/checkpoints_backup/gpu_full/broad_mix/last.ckpt
ckpt-archive/checkpoints_backup__gpu_full__ssl_classical__ssl_classical-epoch-10-val__total-0.5186.ckpt,archive-checkpoints,389828095,6fd066145aeb388df700c19c0db4bc2055bf24988cf66ecbb99939fa72c67528,checkpoints_backup/gpu_full/ssl_classical/ssl_classical-epoch=10-val/total=0.5186.ckpt,Non-live checkpoint (superseded epoch or ruled-out run); all original paths: checkpoints_backup/gpu_full/ssl_classical/ssl_classical-epoch=10-val/total=0.5186.ckpt
ckpt-archive/checkpoints_backup__gpu_full__ssl_classical__ssl_classical-epoch-11-val__total-0.5232.ckpt,archive-checkpoints,389828095,005e48beba98a872ac0c6edb3757f40ab6ce29d959a1b6e0a3795f3433b97c3a,checkpoints_backup/gpu_full/ssl_classical/ssl_classical-epoch=11-val/total=0.5232.ckpt,Non-live checkpoint (superseded epoch or ruled-out run); all original paths: checkpoints_backup/gpu_full/ssl_classical/ssl_classical-epoch=11-val/total=0.5232.ckpt
ckpt-archive/checkpoints_backup__gpu_full__ssl_recipe__ssl_recipe-epoch-12-val__total-0.5194.ckpt,archive-checkpoints,389828095,72609521deb623c1f1b25c05ec41e2a4be01c65edd3c38c5734caea1a8a6a128,checkpoints_backup/gpu_full/ssl_recipe/ssl_recipe-epoch=12-val/total=0.5194.ckpt,Non-live checkpoint (superseded epoch or ruled-out run); all original paths: checkpoints_backup/gpu_full/ssl_recipe/ssl_recipe-epoch=12-val/total=0.5194.ckpt
ckpt-archive/checkpoints_backup__gpu_full__ssl_recipe__ssl_recipe-epoch-14-val__total-0.5263.ckpt,archive-checkpoints,389828095,4ab6eb91eb3e8b77266e828a0d6416fa6c8af427918cb1e014f3c1607a3716d3,checkpoints_backup/gpu_full/ssl_recipe/ssl_recipe-epoch=14-val/total=0.5263.ckpt,Non-live checkpoint (superseded epoch or ruled-out run); all original paths: checkpoints_backup/gpu_full/ssl_recipe/ssl_recipe-epoch=14-val/total=0.5263.ckpt
ckpt-archive/checkpoints_backup__gpu_full__ssl_unpaired__ssl_unpaired-epoch-00-val__total-0.5952.ckpt,archive-checkpoints,389827903,69efdec0da71cf78448668ad1419cd016def9a56b5d336eb0b90869f854c1c21,checkpoints_backup/gpu_full/ssl_unpaired/ssl_unpaired-epoch=00-val/total=0.5952.ckpt,Non-live checkpoint (superseded epoch or ruled-out run); all original paths: checkpoints_backup/gpu_full/ssl_unpaired/ssl_unpaired-epoch=00-val/total=0.5952.ckpt
ckpt-archive/checkpoints_backup__gpu_full__ssl_unpaired__ssl_unpaired-epoch-01-val__total-0.6033.ckpt,archive-checkpoints,389828095,d22e9b32b694a4b10338aa4b2afd607d54add107a7930db8e25649ef2968b379,checkpoints_backup/gpu_full/ssl_unpaired/ssl_unpaired-epoch=01-val/total=0.6033.ckpt,Non-live checkpoint (superseded epoch or ruled-out run); all original paths: checkpoints_backup/gpu_full/ssl_unpaired/ssl_unpaired-epoch=01-val/total=0.6033.ckpt
ckpt-archive/checkpoints_backup__gpu_full__ssl_v2__ssl_v2-epoch-04-val__total-0.5645.ckpt,archive-checkpoints,389828095,4dda89c7534392f6380aee8127b78d690113fe270b86c7f17b71eee2f94d4fbb,checkpoints_backup/gpu_full/ssl_v2/ssl_v2-epoch=04-val/total=0.5645.ckpt,Non-live checkpoint (superseded epoch or ruled-out run); all original paths: checkpoints_backup/gpu_full/ssl_v2/ssl_v2-epoch=04-val/total=0.5645.ckpt
ckpt-archive/checkpoints_backup__gpu_full__ssl_v2__ssl_v2-epoch-06-val__total-0.5714.ckpt,archive-checkpoints,389828095,97c8cb71c935ad2311dd09c0bb9d0ee704fdd8d0a0c26886affa1c79e25d7b62,checkpoints_backup/gpu_full/ssl_v2/ssl_v2-epoch=06-val/total=0.5714.ckpt,Non-live checkpoint (superseded epoch or ruled-out run); all original paths: checkpoints_backup/gpu_full/ssl_v2/ssl_v2-epoch=06-val/total=0.5714.ckpt
ckpt-archive/checkpoints_backup__kern_distill-ep02-val0.5901.ckpt,archive-checkpoints,520294067,133742dcf846a7652a2eeee2b6f8fe7fa55a8fea1f5682d9e0c899a9653d79bb,checkpoints_backup/kern_distill-ep02-val0.5901.ckpt,Non-live checkpoint (superseded epoch or ruled-out run); all original paths: checkpoints_backup/kern_distill-ep02-val0.5901.ckpt
ckpt-archive/checkpoints_backup__kern_distill03-ep04-val0.6074.ckpt,archive-checkpoints,389842693,5a0bca4590768839c6e0a50f39a01feacc88a33814b26520c5fd86401408e0ac,checkpoints_backup/kern_distill03-ep04-val0.6074.ckpt,Non-live checkpoint (superseded epoch or ruled-out run); all original paths: checkpoints_backup/kern_distill03-ep04-val0.6074.ckpt
ckpt-archive/checkpoints_backup__kern_distill_sel-ep04-val0.6169.ckpt,archive-checkpoints,389842693,74d6658d63aa109d51474c97d98d885b1e5986d04ddb86f066769b17e6f9c938,checkpoints_backup/kern_distill_sel-ep04-val0.6169.ckpt,Non-live checkpoint (superseded epoch or ruled-out run); all original paths: checkpoints_backup/kern_distill_sel-ep04-val0.6169.ckpt
ckpt-archive/checkpoints_backup__kern_mix-last.ckpt,archive-checkpoints,389827525,cd8367d94893eb08f8305fbcfaa0d8c5f9e8f340d83ee609f77903844b026575,checkpoints_backup/kern_mix-last.ckpt,Non-live checkpoint (superseded epoch or ruled-out run); all original paths: checkpoints_backup/kern_mix-last.ckpt | legacy/checkpoints_backup/gpu_full/kern_mix/kern_mix-epoch=04-val/total=0.7038.ckpt
ckpt-archive/checkpoints_backup__kern_mix_v2-ep03-val0.6770.ckpt,archive-checkpoints,389827525,cb08888ed199aa1b5eb5712688098b43790d5bc5b3df98aa77a8328129755704,checkpoints_backup/kern_mix_v2-ep03-val0.6770.ckpt,Non-live checkpoint (superseded epoch or ruled-out run); all original paths: checkpoints_backup/kern_mix_v2-ep03-val0.6770.ckpt
ckpt-archive/checkpoints_backup__scratch_ar-ep29-val2.6270.ckpt,archive-checkpoints,389823173,9e14b9632d5109d759cc9fc8f89199825a810fa58a3a6058d616fe0738a319f4,checkpoints_backup/scratch_ar-ep29-val2.6270.ckpt,Non-live checkpoint (superseded epoch or ruled-out run); all original paths: checkpoints_backup/scratch_ar-ep29-val2.6270.ckpt | legacy/checkpoints_backup/gpu_full/scratch_ar/last.ckpt
ckpt-archive/checkpoints_backup__scratch_calib-ep24-val0.1104.ckpt,archive-checkpoints,389823173,cf3183aae7b392c0bfaca4c233b2df188b324d3b1012c8dc892294364dc9eae9,checkpoints_backup/scratch_calib-ep24-val0.1104.ckpt,Non-live checkpoint (superseded epoch or ruled-out run); all original paths: checkpoints_backup/scratch_calib-ep24-val0.1104.ckpt
ckpt-archive/checkpoints_backup__ssl_bigc-ep11-val0.4996.ckpt,archive-checkpoints,389828095,329440d777aab90f221b697b689907c53edc547a1da5e9c0822ed258b96b56af,checkpoints_backup/ssl_bigc-ep11-val0.4996.ckpt,Non-live checkpoint (superseded epoch or ruled-out run); all original paths: checkpoints_backup/ssl_bigc-ep11-val0.4996.ckpt
ckpt-archive/checkpoints_backup__ssl_bigc-ep14-val0.4975.ckpt,archive-checkpoints,389828095,1497b78d42b71fbd67ee7ad2e7f5750ed2498b15af8110ed8e4c32afeb26c8d0,checkpoints_backup/ssl_bigc-ep14-val0.4975.ckpt,Non-live checkpoint (superseded epoch or ruled-out run); all original paths: checkpoints_backup/ssl_bigc-ep14-val0.4975.ckpt | legacy/checkpoints_backup/gpu_full/ssl_bigc/ssl_bigc-epoch=14-val/total=0.4975.ckpt
ckpt-archive/checkpoints_backup__ssl_classical_clean-ep06-val0.5335.ckpt,archive-checkpoints,389828159,058ecb356ca25a2ffabb2bc93182e652159a73468635c52141787bf21fc7355d,checkpoints_backup/ssl_classical_clean-ep06-val0.5335.ckpt,Non-live checkpoint (superseded epoch or ruled-out run); all original paths: checkpoints_backup/ssl_classical_clean-ep06-val0.5335.ckpt
ckpt-archive/checkpoints_backup__ssl_reshape_g1-ep00-val0.5322.ckpt,archive-checkpoints,389827903,b7c6ef514010fc7df0c7e3605875950eadd0e8e11b8441a6220eadcb684f0107,checkpoints_backup/ssl_reshape_g1-ep00-val0.5322.ckpt,Non-live checkpoint (superseded epoch or ruled-out run); all original paths: checkpoints_backup/ssl_reshape_g1-ep00-val0.5322.ckpt
ckpt-archive/checkpoints_backup__ssl_reshape_g1-last.ckpt,archive-checkpoints,389828159,0416671e7febd5fed7687abe0f7fae44ea507ee644a4a02f593f7453d15f3fe5,checkpoints_backup/ssl_reshape_g1-last.ckpt,Non-live checkpoint (superseded epoch or ruled-out run); all original paths: checkpoints_backup/ssl_reshape_g1-last.ckpt | checkpoints_backup/ssl_reshape_g1-ep02-val0.5460.ckpt
ckpt-archive/checkpoints_backup__ssl_tuplet20-ep01-val0.5234.ckpt,archive-checkpoints,389828159,e4cab504c2928e308d2c029adfacf59ce6bc38a5ad7d568f830057d1d043c086,checkpoints_backup/ssl_tuplet20-ep01-val0.5234.ckpt,Non-live checkpoint (superseded epoch or ruled-out run); all original paths: checkpoints_backup/ssl_tuplet20-ep01-val0.5234.ckpt | legacy/checkpoints_backup/gpu_full/ssl_tuplet20/ssl_tuplet20-epoch=01-val/total=0.5234.ckpt
ckpt-archive/legacy__MIDI2ScoreTransformer__checkpoints__last.ckpt,archive-checkpoints,389814725,8e5efdea56fa68dc894c2325ea3b2c82ded73902570e2cf80245f4b0e9a062fc,legacy/MIDI2ScoreTransformer/checkpoints/last.ckpt,Non-live checkpoint (superseded epoch or ruled-out run); all original paths: legacy/MIDI2ScoreTransformer/checkpoints/last.ckpt | legacy/MIDI2ScoreTransformer/checkpoints/pretrain_pdmx-epoch=03-val/total=0.2440.ckpt
ckpt-archive/legacy__MIDI2ScoreTransformer__checkpoints__pretrain_pdmx-epoch-02-val__total-0.2650.ckpt,archive-checkpoints,389814725,36b70d993525d64b91a7b7649ab457ffa37ca43a09426c680725d0b46a90b24a,legacy/MIDI2ScoreTransformer/checkpoints/pretrain_pdmx-epoch=02-val/total=0.2650.ckpt,Non-live checkpoint (superseded epoch or ruled-out run); all original paths: legacy/MIDI2ScoreTransformer/checkpoints/pretrain_pdmx-epoch=02-val/total=0.2650.ckpt
ckpt-archive/legacy__checkpoints_backup__gpu_full__ar_fix__last.ckpt,archive-checkpoints,389823109,6f0d5d00d90d93f98170d039e7a1a71e88c9a32866b808713bf649a4a900bb29,legacy/checkpoints_backup/gpu_full/ar_fix/last.ckpt,Non-live checkpoint (superseded epoch or ruled-out run); all original paths: legacy/checkpoints_backup/gpu_full/ar_fix/last.ckpt | legacy/checkpoints_backup/gpu_full/ar_fix/ar_fix-epoch=29-val/total=2.5528.ckpt
ckpt-archive/legacy__checkpoints_backup__gpu_full__ar_full__ar_full-epoch-04-val__total-1.2821.ckpt,archive-checkpoints,389823173,dcc1c6136b9338fe7cf58a42d850e0e5bcc4d1fc446ee0aef3786901a43d6aa4,legacy/checkpoints_backup/gpu_full/ar_full/ar_full-epoch=04-val/total=1.2821.ckpt,Non-live checkpoint (superseded epoch or ruled-out run); all original paths: legacy/checkpoints_backup/gpu_full/ar_full/ar_full-epoch=04-val/total=1.2821.ckpt
ckpt-archive/legacy__checkpoints_backup__gpu_full__ar_full2__ar_full2-epoch-01-val__total-1.6004.ckpt,archive-checkpoints,389823173,e241183fb2010abb98fbc9d773dc73374dadbce02c9acb60abed22de83b4c590,legacy/checkpoints_backup/gpu_full/ar_full2/ar_full2-epoch=01-val/total=1.6004.ckpt,Non-live checkpoint (superseded epoch or ruled-out run); all original paths: legacy/checkpoints_backup/gpu_full/ar_full2/ar_full2-epoch=01-val/total=1.6004.ckpt
ckpt-archive/legacy__checkpoints_backup__gpu_full__ar_full3__ar_full3-epoch-04-val__total-0.9835.ckpt,archive-checkpoints,389823173,85a96570e39cdfbf2fa1420553a309e0c02f0a26df5a93edc4ff37e35c427183,legacy/checkpoints_backup/gpu_full/ar_full3/ar_full3-epoch=04-val/total=0.9835.ckpt,Non-live checkpoint (superseded epoch or ruled-out run); all original paths: legacy/checkpoints_backup/gpu_full/ar_full3/ar_full3-epoch=04-val/total=0.9835.ckpt
ckpt-archive/legacy__checkpoints_backup__gpu_full__ar_full4__ar_full4-epoch-01-val__total-1.1352.ckpt,archive-checkpoints,389823173,2cdbb0bc3a312cf69562a017f2bd028f34d272982ce583b3a6c73ca4a95d81b2,legacy/checkpoints_backup/gpu_full/ar_full4/ar_full4-epoch=01-val/total=1.1352.ckpt,Non-live checkpoint (superseded epoch or ruled-out run); all original paths: legacy/checkpoints_backup/gpu_full/ar_full4/ar_full4-epoch=01-val/total=1.1352.ckpt
ckpt-archive/legacy__checkpoints_backup__gpu_full__ar_full5__ar_full5-epoch-03-val__total-1.0112.ckpt,archive-checkpoints,389823173,9633af56c1dedf9bedbf0e2bd9b89e4558c80013774065cf624b61803404be9d,legacy/checkpoints_backup/gpu_full/ar_full5/ar_full5-epoch=03-val/total=1.0112.ckpt,Non-live checkpoint (superseded epoch or ruled-out run); all original paths: legacy/checkpoints_backup/gpu_full/ar_full5/ar_full5-epoch=03-val/total=1.0112.ckpt
ckpt-archive/legacy__checkpoints_backup__gpu_full__ar_full5__ar_full5-epoch-04-val__total-0.9895.ckpt,archive-checkpoints,389823173,830bd2dabd7f735e0fde10da9401cb3286efa8b56c558c90eb87663a5166821a,legacy/checkpoints_backup/gpu_full/ar_full5/ar_full5-epoch=04-val/total=0.9895.ckpt,Non-live checkpoint (superseded epoch or ruled-out run); all original paths: legacy/checkpoints_backup/gpu_full/ar_full5/ar_full5-epoch=04-val/total=0.9895.ckpt
ckpt-archive/legacy__checkpoints_backup__gpu_full__ar_long__ar_long-epoch-00-val__total-7.0072.ckpt,archive-checkpoints,389822917,3e055653d3a849c128642461e77ba975f4449b1a31c9a4c696383faf74abe874,legacy/checkpoints_backup/gpu_full/ar_long/ar_long-epoch=00-val/total=7.0072.ckpt,Non-live checkpoint (superseded epoch or ruled-out run); all original paths: legacy/checkpoints_backup/gpu_full/ar_long/ar_long-epoch=00-val/total=7.0072.ckpt
ckpt-archive/legacy__checkpoints_backup__gpu_full__ar_long__last.ckpt,archive-checkpoints,389822981,2c0002d241cc59eda1e11c8ff37b96550ce0e9b2050e01f17b6b42eabaf82b2e,legacy/checkpoints_backup/gpu_full/ar_long/last.ckpt,Non-live checkpoint (superseded epoch or ruled-out run); all original paths: legacy/checkpoints_backup/gpu_full/ar_long/last.ckpt
ckpt-archive/legacy__checkpoints_backup__gpu_full__ar_rubato__ar_rubato-epoch-00-val__total-1.0908.ckpt,archive-checkpoints,389822917,d239f366000908cdbbe42f0d8c03d26e2c9d2b999122bc07e55798a809f56647,legacy/checkpoints_backup/gpu_full/ar_rubato/ar_rubato-epoch=00-val/total=1.0908.ckpt,Non-live checkpoint (superseded epoch or ruled-out run); all original paths: legacy/checkpoints_backup/gpu_full/ar_rubato/ar_rubato-epoch=00-val/total=1.0908.ckpt
ckpt-archive/legacy__checkpoints_backup__gpu_full__ar_rubato__last.ckpt,archive-checkpoints,389823173,bd0b4720b0d65ede0d52033aae84c2881ad9d9ad4d74d95491e6a2225f71f44f,legacy/checkpoints_backup/gpu_full/ar_rubato/last.ckpt,Non-live checkpoint (superseded epoch or ruled-out run); all original paths: legacy/checkpoints_backup/gpu_full/ar_rubato/last.ckpt | legacy/checkpoints_backup/gpu_full/ar_rubato/ar_rubato-epoch=01-val/total=1.2508.ckpt
ckpt-archive/legacy__checkpoints_backup__gpu_full__beat_asap__beat_asap-epoch-00-val__total-0.6736.ckpt,archive-checkpoints,389915765,db80ce1161bc3460b084a7bb5ba9134832736bf59883671c727c5415f2becbb5,legacy/checkpoints_backup/gpu_full/beat_asap/beat_asap-epoch=00-val/total=0.6736.ckpt,Non-live checkpoint (superseded epoch or ruled-out run); all original paths: legacy/checkpoints_backup/gpu_full/beat_asap/beat_asap-epoch=00-val/total=0.6736.ckpt
ckpt-archive/legacy__checkpoints_backup__gpu_full__beat_asap_v2__beat_asap_v2-epoch-02-val__total-0.6768.ckpt,archive-checkpoints,389915957,ead7dd9b3cc5d51c3b9aff04e9072910cf29258ae8f7a6afd34e184ade54cb45,legacy/checkpoints_backup/gpu_full/beat_asap_v2/beat_asap_v2-epoch=02-val/total=0.6768.ckpt,Non-live checkpoint (superseded epoch or ruled-out run); all original paths: legacy/checkpoints_backup/gpu_full/beat_asap_v2/beat_asap_v2-epoch=02-val/total=0.6768.ckpt
ckpt-archive/legacy__checkpoints_backup__gpu_full__broad_mix__broad_mix-epoch-11-val__total-0.6441.ckpt,archive-checkpoints,389827525,953fec807aa65719df664462d8dde367dd8b03d24edf2c595001aa26f4471c13,legacy/checkpoints_backup/gpu_full/broad_mix/broad_mix-epoch=11-val/total=0.6441.ckpt,Non-live checkpoint (superseded epoch or ruled-out run); all original paths: legacy/checkpoints_backup/gpu_full/broad_mix/broad_mix-epoch=11-val/total=0.6441.ckpt
ckpt-archive/legacy__checkpoints_backup__gpu_full__kern_distill__last.ckpt,archive-checkpoints,520294067,e0467e9f4517fb61fa00fc6a98842018674c5d815b531967ed77c58e70d61169,legacy/checkpoints_backup/gpu_full/kern_distill/last.ckpt,Non-live checkpoint (superseded epoch or ruled-out run); all original paths: legacy/checkpoints_backup/gpu_full/kern_distill/last.ckpt | legacy/checkpoints_backup/gpu_full/kern_distill/kern_distill-epoch=03-val/total=0.6054.ckpt
ckpt-archive/legacy__checkpoints_backup__gpu_full__kern_distill03__last.ckpt,archive-checkpoints,389842693,3c76a6753b5c8ccb2185bbb529bac7c4dc0ca9eda23be0a61a15fd819d29f778,legacy/checkpoints_backup/gpu_full/kern_distill03/last.ckpt,Non-live checkpoint (superseded epoch or ruled-out run); all original paths: legacy/checkpoints_backup/gpu_full/kern_distill03/last.ckpt | legacy/checkpoints_backup/gpu_full/kern_distill03/kern_distill03-epoch=05-val/total=0.6074.ckpt
ckpt-archive/legacy__checkpoints_backup__gpu_full__kern_distill_sel__last.ckpt,archive-checkpoints,389842693,70d7a15d020f55b48e6ff880e817a7a56f7aea2f430f15efd43fb0e2ddca3de6,legacy/checkpoints_backup/gpu_full/kern_distill_sel/last.ckpt,Non-live checkpoint (superseded epoch or ruled-out run); all original paths: legacy/checkpoints_backup/gpu_full/kern_distill_sel/last.ckpt | legacy/checkpoints_backup/gpu_full/kern_distill_sel/kern_distill_sel-epoch=05-val/total=0.6169.ckpt
ckpt-archive/legacy__checkpoints_backup__gpu_full__kern_mix__kern_mix-epoch-00-val__total-0.6911.ckpt,archive-checkpoints,389827269,671abd439382b921a3720a322dfa8ba2c11e895dd638e2fcb7a66a4152d4edb0,legacy/checkpoints_backup/gpu_full/kern_mix/kern_mix-epoch=00-val/total=0.6911.ckpt,Non-live checkpoint (superseded epoch or ruled-out run); all original paths: legacy/checkpoints_backup/gpu_full/kern_mix/kern_mix-epoch=00-val/total=0.6911.ckpt
ckpt-archive/legacy__checkpoints_backup__gpu_full__kern_mix_v2__last.ckpt,archive-checkpoints,389827525,74c0c37d4dc93c45be21dbbebaf8bc41571850f63e9bceb82f3443fbe50c4095,legacy/checkpoints_backup/gpu_full/kern_mix_v2/last.ckpt,Non-live checkpoint (superseded epoch or ruled-out run); all original paths: legacy/checkpoints_backup/gpu_full/kern_mix_v2/last.ckpt | legacy/checkpoints_backup/gpu_full/kern_mix_v2/kern_mix_v2-epoch=04-val/total=0.6856.ckpt
ckpt-archive/legacy__checkpoints_backup__gpu_full__scratch_ar__scratch_ar-epoch-28-val__total-2.6320.ckpt,archive-checkpoints,389823173,87fe7245e40d371b203792af09a659d1e9140284bc24cdcab939ae8f6756f76c,legacy/checkpoints_backup/gpu_full/scratch_ar/scratch_ar-epoch=28-val/total=2.6320.ckpt,Non-live checkpoint (superseded epoch or ruled-out run); all original paths: legacy/checkpoints_backup/gpu_full/scratch_ar/scratch_ar-epoch=28-val/total=2.6320.ckpt
ckpt-archive/legacy__checkpoints_backup__gpu_full__scratch_calib__last.ckpt,archive-checkpoints,389823173,5200923da4dc15b6f319b220aa954f713799028d402d628972e94c35857a11e6,legacy/checkpoints_backup/gpu_full/scratch_calib/last.ckpt,Non-live checkpoint (superseded epoch or ruled-out run); all original paths: legacy/checkpoints_backup/gpu_full/scratch_calib/last.ckpt | legacy/checkpoints_backup/gpu_full/scratch_calib/scratch_calib-epoch=29-val/total=0.1111.ckpt
ckpt-archive/legacy__checkpoints_backup__gpu_full__scratch_fulldrop__last.ckpt,archive-checkpoints,389823173,13f9e472feb326e8637ca3ae9f1abc9c830fc3a8d8e4e06a6581d82c74403ef0,legacy/checkpoints_backup/gpu_full/scratch_fulldrop/last.ckpt,Non-live checkpoint (superseded epoch or ruled-out run); all original paths: legacy/checkpoints_backup/gpu_full/scratch_fulldrop/last.ckpt | legacy/checkpoints_backup/gpu_full/scratch_fulldrop/scratch_fulldrop-epoch=10-val/total=1.0828.ckpt
ckpt-archive/legacy__checkpoints_backup__gpu_full__scratch_fulldrop__scratch_fulldrop-epoch-09-val__total-1.1831.ckpt,archive-checkpoints,389823173,00ae815ed71285eaf77221f69731940cb8c46d3bc062ec1f98b2d8df72d83900,legacy/checkpoints_backup/gpu_full/scratch_fulldrop/scratch_fulldrop-epoch=09-val/total=1.1831.ckpt,Non-live checkpoint (superseded epoch or ruled-out run); all original paths: legacy/checkpoints_backup/gpu_full/scratch_fulldrop/scratch_fulldrop-epoch=09-val/total=1.1831.ckpt
ckpt-archive/legacy__checkpoints_backup__gpu_full__scratch_long__last.ckpt,archive-checkpoints,389823173,53bb5c974ed8f9308145d47f5631975c49b56bc8c1de2cfa3648a66ad949383d,legacy/checkpoints_backup/gpu_full/scratch_long/last.ckpt,Non-live checkpoint (superseded epoch or ruled-out run); all original paths: legacy/checkpoints_backup/gpu_full/scratch_long/last.ckpt | legacy/checkpoints_backup/gpu_full/scratch_long/scratch_long-epoch=35-val/total=0.0622.ckpt
ckpt-archive/legacy__checkpoints_backup__gpu_full__scratch_long__scratch_long-epoch-34-val__total-0.0614.ckpt,archive-checkpoints,389823173,32f2faefad7dfd6e012ffcd0ef47529098e581c8026d9a2016fc6deebf8d82fc,legacy/checkpoints_backup/gpu_full/scratch_long/scratch_long-epoch=34-val/total=0.0614.ckpt,Non-live checkpoint (superseded epoch or ruled-out run); all original paths: legacy/checkpoints_backup/gpu_full/scratch_long/scratch_long-epoch=34-val/total=0.0614.ckpt
